lat,lon,address,style,building_type,cooling_type,heating_type,fire_place,price,number_of_beds,number_of_baths
43.33341,-79.88293,"383 Dundas Street E|Unit #48, Waterdown, Ontario, L0R 2H3",Townhouse,Row / Townhouse,Central air conditioning,Forced air,0,"$749,900",2 Beds,3 Baths
43.8563707,-79.3376825,"6 HONEYBOURNE CRES, Markham, Ontario, L3P 1P3",Detached,House,Central air conditioning,Forced air,1,"$2,998,000",5+1 Beds,8 Baths
43.67089,-79.316931,"83 BOARDWALK DR, Toronto, Ontario, M4L 3X9",Detached,House,Central air conditioning,Forced air,1,"$2,599,900",3 Beds,4 Baths
43.5896231,-79.6443879,"#A -41 BROADVIEW AVE, Mississauga, Ontario, L5H 2S8",Semi-Detached,House,Central air conditioning,Forced air,0,"$2,499,850",4+1 Beds,4 Baths
43.447436,-79.666672,"2158 PINEVIEW DR, Oakville, Ontario, L6H 5M3",Detached,House,Central air conditioning,Forced air,1,"$1,999,000",5 Beds,4 Baths
43.650005,-79.482809,"98 ARDAGH ST, Toronto, Ontario, M6S 1Y7",Detached,House,Wall unit,Hot water radiator heat,0,"$1,499,000",3 Beds,2 Baths
43.1561412,-79.9161804,"4078 HWY #6 Highway S, Mount Hope, Ontario, L0R 1W0",Detached,House,Central air conditioning,"Baseboard heaters, Forced air",0,"$1,425,000",3 Beds,3 Baths
43.8801166,-79.4392925,"12 HERCULES CLUB DR, Richmond Hill, Ontario, L4K 1K6",Townhouse,Row / Townhouse,Central air conditioning,Forced air,0,"$1,199,000",3 Beds,3 Baths
43.8801166,-79.4392925,"299 BOISDALE AVE, Richmond Hill, Ontario, L4C 1R4",Detached,House,Central air conditioning,Forced air,0,"$1,098,000",3 Beds,2 Baths
43.6858146,-79.7599337,"21 CLAYPINE TR, Brampton, Ontario, L6V 3L8",Detached,House,Central air conditioning,Forced air,1,"$999,900",4 Beds,2 Baths
43.8975558,-78.8635324,"865 CORBETTS Road, Oshawa, Ontario, L1K 2E1",Detached,House,Central air conditioning,Forced air,0,"$949,900",4+1 Beds,3 Baths
43.5896231,-79.6443879,"#89 -1755 RATHBURN RD E, Mississauga, Ontario, L4W 2M8",Townhouse,Row / Townhouse,Central air conditioning,Forced air,1,"$875,000",3 Beds,3 Baths
45.4208777,-75.6901106,"1452 MCROBIE AVENUE, Ottawa, Ontario, K1H 7E3",Detached,House,Central air conditioning,Forced air,0,"$866,000",3 Beds,2 Baths
43.641342,-79.399759,"#6A -570 WELLINGTON ST W, Toronto, Ontario, M5V 2X5",Townhouse,Row / Townhouse,Wall unit,Baseboard heaters,1,"$838,000",2+1 Beds,2 Baths
43.6858146,-79.7599337,"78 GREENWICH CIRC, Brampton, Ontario, L6S 2E8",Townhouse,Row / Townhouse,Central air conditioning,Forced air,1,"$749,888",3 Beds,3 Baths
45.4208777,-75.6901106,"111 QUEENSBURY DRIVE, Ottawa, Ontario, K2J 4P2",Townhouse,Row / Townhouse,Central air conditioning,Forced air,1,"$645,900",3 Beds,2 Baths
45.0154164,-75.644567,"6 BECKETTS LANDING ROAD, Kemptville, Ontario, K0G 1J0",Detached,House,Wall unit,"Baseboard heaters, Other",1,"$599,999",2 Beds,1 Bath
43.1408157,-80.2631733,"66 MUNRO CIRC, Brantford, Ontario, N3T 0R5",Townhouse,Row / Townhouse,Central air conditioning,Forced air,0,"$599,000",3 Beds,3 Baths
45.041406,-74.733993,"2199 BURKE AVENUE, Cornwall, Ontario, K6H 0H5",Detached,House,Central air conditioning,Forced air,0,"$579,000",2+1 Beds,2 Baths
45.821328,-77.110488,"21 BARRY STREET, Pembroke, Ontario, K8A 7L6",Detached,House,Central air conditioning,Forced air,1,"$550,000",3 Beds,2 Baths
42.1013315,-83.1086458,"30 BRUSH, Amherstburg, Ontario, N9V 3Y4",Detached,House,"Central air conditioning, Fully air conditioned",Forced air,0,"$549,900",3 Beds,2 Baths
43.2560802,-79.8728583,"137 Cathcart Street, Hamilton, Ontario, L8L 5A1",Townhouse,Row / Townhouse,"Central air conditioning, Fully air conditioned",Forced air,0,"$400,000",2+1 Beds,3 Baths
43.2560802,-79.8728583,"137 CATHCART ST, Hamilton, Ontario, L8L 5A1",Townhouse,Row / Townhouse,"Central air conditioning, Fully air conditioned",Forced air,0,"$400,000",2+1 Beds,3 Baths
42.969292,-81.20529,"#132 -690 LITTLE GREY ST, London, Ontario, N5Z 4M9",Townhouse,Row / Townhouse,Central air conditioning,Forced air,0,"$399,900",4 Beds,2 Baths
43.621861,-79.943877,"11134 5 SIDE RD, Halton Hills, Ontario, L7G 4S6",Detached,House,Central air conditioning,Forced air,1,"$2,999,000",4 Beds,4 Baths
44.3596825,-78.7421729,"31 WISPI SHORE RD, Kawartha Lakes, Ontario, K9V 0K4",Detached,House,Central air conditioning,Forced air,1,"$2,900,000",6 Beds,6 Baths
44.3150892,-79.5461073,"3696 FERRETTI CRT, Innisfil, Ontario, L9S 0N6",Townhouse,Row / Townhouse,Central air conditioning,Forced air,1,"$2,699,000",4 Beds,5 Baths
43.5896231,-79.6443879,"1588 CAROLYN RD, Mississauga, Ontario, L5M 2E1",Detached,House,Central air conditioning,Forced air,1,"$2,390,000",4+1 Beds,5 Baths
43.5896231,-79.6443879,"1869 FRIAR TUCK CRT, Mississauga, Ontario, L5K 2L4",Detached,House,Central air conditioning,Forced air,1,"$2,199,000",4+1 Beds,4 Baths
43.68009,-79.354896,"10 CHESTER HILL RD, Toronto, Ontario, M4K 1X3",Detached,House,Central air conditioning,Forced air,1,"$2,195,000",4+1 Beds,5 Baths
43.671561,-79.403274,"117 ALBANY AVE, Toronto, Ontario, M5R 3C5",Detached,House,Central air conditioning,Forced air,1,"$2,059,000",3+2 Beds,2 Baths
43.654509,-79.509097,"6 OLD MILL TERR, Toronto, Ontario, M8X 1A2",Detached,House,Wall unit,Hot water radiator heat,1,"$1,990,000",4 Beds,3 Baths
43.7941544,-79.5268023,"10 OLDHAM ST, Vaughan, Ontario, L4H 3N9",Detached,House,Central air conditioning,Forced air,1,"$1,988,800",4+2 Beds,4 Baths
43.513671,-79.882817,"378 HINTON TERR, Milton, Ontario, L9E 1E1",Detached,House,Central air conditioning,Forced air,1,"$1,899,999",4 Beds,5 Baths
43.5896231,-79.6443879,"5073 TERRY FOX Way, Mississauga, Ontario, L5V 1M9",Detached,House,Central air conditioning,Forced air,0,"$1,849,000",3+1 Beds,5 Baths
45.4208777,-75.6901106,"28 IRONSIDE COURT, Ottawa, Ontario, K2K 3H5",Detached,House,Central air conditioning,Forced air,1,"$1,800,000",4 Beds,4 Baths
44.5445701,-79.54891085886374,"19 BACHLY AVE, Oro-Medonte, Ontario, L0K 1N0",Detached,House,Central air conditioning,Forced air,1,"$1,799,000",3+2 Beds,4 Baths
43.6858146,-79.7599337,"23 WHEATBERRY CRES, Brampton, Ontario, L6R 4A1",Detached,House,Central air conditioning,Forced air,1,"$1,799,000",4+2 Beds,6 Baths
43.5896231,-79.6443879,"2175 OBECK CRES, Mississauga, Ontario, L5H 3L6",Detached,House,Central air conditioning,Forced air,1,"$1,798,000",3+1 Beds,2 Baths
43.513671,-79.882817,"105 MILL ST, Milton, Ontario, L9T 1R8",Detached,House,Central air conditioning,Radiant heat,1,"$1,749,900",4 Beds,2 Baths
44.056258,-79.461708,"1109 GRAINGER TR, Newmarket, Ontario, L3X 0G7",Detached,House,Central air conditioning,Forced air,1,"$1,738,000",4 Beds,5 Baths
43.513671,-79.882817,"1210 MCEACHERN CRT, Milton, Ontario, L9E 1E4",Detached,House,Central air conditioning,Forced air,1,"$1,699,990",4+2 Beds,6 Baths
43.738576,-79.468834,"61 MURRAY RD, Toronto, Ontario, M3K 1T5",Detached,House,Central air conditioning,Forced air,1,"$1,698,000",3+1 Beds,4 Baths
43.660438,-79.465004,"296 INDIAN GRVE, Toronto, Ontario, M6P 2H5",Detached,House,Wall unit,Hot water radiator heat,0,"$1,649,000",3 Beds,2 Baths
43.842903,-79.89885,"20 HELDERMAN ST, Caledon, Ontario, L7C 3V2",Detached,House,Central air conditioning,Forced air,1,"$1,599,900",4 Beds,4 Baths
43.704081,-79.255219,"82 FISHLEIGH DR, Toronto, Ontario, M1N 1H5",Detached,House,Central air conditioning,Forced air,1,"$1,599,000",3 Beds,2 Baths
43.704284,-79.587129,"24 NEWLOVE CRT, Toronto, Ontario, M9W 5X5",Detached,House,Central air conditioning,Forced air,0,"$1,595,000",4 Beds,4 Baths
42.0378963,-82.7396606,"27 EMILY, Kingsville, Ontario, N9Y 0C7",Detached,House,Central air conditioning,Forced air,0,"$1,499,900",4 Beds,4 Baths
43.8563707,-79.3376825,"24 CRANDALL DR, Markham, Ontario, L3P 6H6",Detached,House,Central air conditioning,Forced air,1,"$1,498,000",4+1 Beds,3 Baths
42.28382,-82.997089,"1001 Chateau, Windsor, Ontario, N8P 0E6",Detached,House,Central air conditioning,Forced air,0,"$1,475,000",4 Beds,3 Baths
43.3248924,-79.7966835,"1963 Four Seasons Drive, Burlington, Ontario, L7P 2Y2",Detached,House,Central air conditioning,Forced air,0,"$1,400,000",4 Beds,3 Baths
43.225693,-79.976692,"44 Carrington Court, Ancaster, Ontario, L9G 1R1",Detached,House,Central air conditioning,Forced air,0,"$1,399,900",3+1 Beds,3 Baths
43.713895,-79.486737,"4 BOURDON AVE, Toronto, Ontario, M6L 2V6",Detached,House,Central air conditioning,Forced air,1,"$1,399,900",3+2 Beds,3 Baths
43.2560802,-79.8728583,"158 STILLWATER CRES, Hamilton, Ontario, L8B 1V5",Detached,House,Central air conditioning,Forced air,0,"$1,398,000",4 Beds,4 Baths
43.3248924,-79.7966835,"2260 MIDDLESMOOR CRES, Burlington, Ontario, L7P 3X6",Detached,House,Central air conditioning,Forced air,1,"$1,379,900",3+1 Beds,3 Baths
43.793231,-79.263929,"27 STUBBSWOOD SQ, Toronto, Ontario, M1S 2K7",Detached,House,Central air conditioning,Forced air,1,"$1,350,000",4 Beds,3 Baths
43.2560802,-79.8728583,"15 KEYSTONE Crescent, Hamilton, Ontario, L0R 1P0",Detached,House,Central air conditioning,Forced air,0,"$1,350,000",5 Beds,3 Baths
43.96868585,-78.65135738273909,"34 COLVILLE AVE, Clarington, Ontario, L1C 0H7",Detached,House,Central air conditioning,Forced air,1,"$1,349,000",4 Beds,4 Baths
43.3248924,-79.7966835,"1419 OLGA DR, Burlington, Ontario, L7S 1L1",Detached,House,Central air conditioning,Forced air,1,"$1,299,999",3+1 Beds,2 Baths
43.3248924,-79.7966835,"1419 OLGA Drive, Burlington, Ontario, L7S 1L1",Detached,House,Central air conditioning,Forced air,0,"$1,299,999",3+1 Beds,2 Baths
43.7941544,-79.5268023,"94 VELIA CRT, Vaughan, Ontario, L4H 4S5",Detached,House,Central air conditioning,Forced air,1,"$1,299,000",4 Beds,4 Baths
44.014469,-79.323704,"15 ROSS SHINER LANE, Whitchurch-Stouffville, Ontario, L4A 0V5",Detached,House,Central air conditioning,Forced air,1,"$1,279,000",4+1 Beds,4 Baths
43.8975558,-78.8635324,"2249 HACKETT PL, Oshawa, Ontario, L1L 0B3",Detached,House,Central air conditioning,Forced air,0,"$1,279,000",4+1 Beds,3 Baths
43.2167526,-79.7567616,"3 Trillium Avenue, Stoney Creek, Ontario, L8E 5E1",Detached,House,Central air conditioning,Forced air,0,"$1,250,000",3 Beds,4 Baths
43.6858146,-79.7599337,"30 SPENCER DR, Brampton, Ontario, L7A 2A4",Detached,House,Central air conditioning,Forced air,1,"$1,249,999",4+1 Beds,4 Baths
43.2560802,-79.8728583,"124 Cline Avenue N, Hamilton, Ontario, L8S 3Z8",Detached,House,Central air conditioning,"Baseboard heaters, Boiler",0,"$1,249,000",3+2 Beds,3 Baths
43.5460516,-80.2493276,"27 WHETSTONE CRES, Guelph, Ontario, N1L 1T3",Detached,House,Central air conditioning,Forced air,0,"$1,199,900",4 Beds,3 Baths
42.3167397,-83.0373389,"1534 CLEARWATER, Windsor, Ontario",Detached,House,Central air conditioning,Forced air,0,"$1,199,900",5 Beds,4 Baths
43.073558,-79.950127,"1417 McKenzie Road, Caledonia, Ontario, N3W 2B9",Detached,House,Central air conditioning,Forced air,0,"$1,199,900",4 Beds,2 Baths
43.33583,-80.06361,"1419 Governors Road, Flamborough, Ontario, L9H 5E3",Detached,House,Central air conditioning,Forced air,0,"$1,199,000",3 Beds,3 Baths
43.6858146,-79.7599337,"5 GOLDIE AVE, Brampton, Ontario, L7A 2C7",Detached,House,Central air conditioning,Forced air,1,"$1,199,000",3+1 Beds,4 Baths
43.3248924,-79.7966835,"4445 ROGERS Road, Burlington, Ontario, L7L 1S2",Detached,House,Central air conditioning,Forced air,0,"$1,185,000",3+1 Beds,2 Baths
43.5896231,-79.6443879,"4361 SAWMILL VALLEY DR, Mississauga, Ontario, L5L 3L3",Detached,House,Central air conditioning,Forced air,1,"$1,178,888",3 Beds,3 Baths
44.3893113,-79.6901736,"15 GRAND FOREST DR, Barrie, Ontario, L4N 7E7",Detached,House,Central air conditioning,Forced air,1,"$1,159,900",4 Beds,3 Baths
44.14125,-79.395028,"19 VIOLA ST, East Gwillimbury, Ontario, L9N 0T6",Townhouse,Row / Townhouse,Central air conditioning,Forced air,1,"$1,150,000",3 Beds,3 Baths
43.513671,-79.882817,"191 FEATHERSTONE RD, Milton, Ontario, L9T 6B8",Detached,House,Central air conditioning,Forced air,0,"$1,125,000",3+1 Beds,4 Baths
44.014469,-79.323704,"55 MILT STOREY LANE, Whitchurch-Stouffville, Ontario, L4A 1Y4",Townhouse,Row / Townhouse,Central air conditioning,Forced air,0,"$1,120,000",3+1 Beds,3 Baths
43.3314156,-79.8956803,"121 Borers Creek Circle, Waterdown, Ontario, L8B 1W3",Townhouse,Row / Townhouse,Central air conditioning,Forced air,0,"$1,099,900",4 Beds,3 Baths
43.6858146,-79.7599337,"6 ROWLAND ST, Brampton, Ontario, L7A 1P6",Detached,House,Central air conditioning,Forced air,0,"$1,099,900",3 Beds,3 Baths
43.2560802,-79.8728583,"604 Eaglewood Drive, Hamilton, Ontario, L8W 3J8",Detached,House,Central air conditioning,Forced air,0,"$1,099,900",5 Beds,3 Baths
43.766199,-79.18128,"6 AVONMORE SQ S, Toronto, Ontario, M1E 1C9",Detached,House,Central air conditioning,Forced air,1,"$1,099,800",3+1 Beds,4 Baths
43.687783,-79.450978,"34 ALLENVALE AVE, Toronto, Ontario, M6E 2A6",Semi-Detached,House,Central air conditioning,Hot water radiator heat,0,"$1,099,000",3 Beds,3 Baths
44.3150892,-79.5461073,"1073 BELLE AIRE BEACH RD, Innisfil, Ontario, L0L 1C0",Detached,House,Central air conditioning,Forced air,0,"$1,098,800",3 Beds,3 Baths
43.3248924,-79.7966835,"643 BLUE FOREST HILL, Burlington, Ontario, L7L 4H4",Detached,House,Central air conditioning,Forced air,0,"$1,070,000",3 Beds,2 Baths
43.3248924,-79.7966835,"643 Blue Forest Hill, Burlington, Ontario, L7L 4H4",Detached,House,Central air conditioning,Forced air,0,"$1,070,000",3 Beds,2 Baths
43.8563707,-79.3376825,"17 UPPER GREENSBOROUGH DR, Markham, Ontario, L6E 0R4",Townhouse,Row / Townhouse,Central air conditioning,Forced air,0,"$999,999",3+1 Beds,3 Baths
43.6858146,-79.7599337,"14 ROYAL PALM DR W, Brampton, Ontario, L6Z 1P5",Detached,House,Central air conditioning,Forced air,0,"$999,999",4+1 Beds,2 Baths
45.4208777,-75.6901106,"400 GOLDEN SPRINGS DRIVE, Ottawa, Ontario, K4M 0B8",Detached,House,Central air conditioning,Forced air,1,"$999,900",4+1 Beds,4 Baths
43.6858146,-79.7599337,"46 PURPLE SAGE DR, Brampton, Ontario, L6P 4N9",Townhouse,Row / Townhouse,Central air conditioning,Forced air,1,"$999,900",4+1 Beds,5 Baths
43.8563707,-79.3376825,"13 KINGSLEY RD, Markham, Ontario, L3R 5X7",Townhouse,Row / Townhouse,Central air conditioning,Forced air,0,"$999,900",3+1 Beds,4 Baths
44.11697,-79.497616,"102 MONDIAL CRES, East Gwillimbury, Ontario, L9N 0S2",Townhouse,Row / Townhouse,Central air conditioning,Forced air,0,"$988,888",4+1 Beds,4 Baths
43.513671,-79.882817,"162 WATERS BLVD, Milton, Ontario, L9T 6K6",Semi-Detached,House,Central air conditioning,Forced air,0,"$979,900",3 Beds,3 Baths
43.447436,-79.666672,"#42 -2006 GLENADA CRES, Oakville, Ontario, L6H 5R9",Townhouse,Row / Townhouse,Central air conditioning,Forced air,1,"$979,000",3 Beds,4 Baths
43.6858146,-79.7599337,"28 PLUM HOLLOW CRT, Brampton, Ontario, L6R 2T5",Townhouse,Row / Townhouse,Central air conditioning,Forced air,0,"$930,000",3 Beds,3 Baths
42.8844706,-80.1139414,"Mckeen - 26 MCKEEN Street, Jarvis, Ontario, N0A 1J0",Detached,House,Central air conditioning,Forced air,0,"$914,988",4 Beds,4 Baths
43.3248924,-79.7966835,"#37 -1095 COOKE BLVD, Burlington, Ontario, L7T 0C3",Townhouse,Row / Townhouse,Central air conditioning,Forced air,0,"$899,900",2+1 Beds,3 Baths
43.96868585,-78.65135738273909,"43 PURDY PL, Clarington, Ontario",Detached,House,Central air conditioning,Forced air,1,"$899,900",3 Beds,3 Baths
42.2450635,-83.0606534,"1299 OUTRAM AVENUE, LaSalle, Ontario, N9J 3S1",Detached,House,Central air conditioning,Forced air,0,"$899,299",4+1 Beds,3 Baths
43.8563707,-79.3376825,"5299 MAJOR MACKENZIE DR E, Markham, Ontario, L6C 0N3",Townhouse,Row / Townhouse,Central air conditioning,Forced air,0,"$899,000",3 Beds,3 Baths
43.451291,-80.4927815,"328 WATERVALE CRES, Kitchener, Ontario, N2A 0G1",Detached,House,Central air conditioning,Forced air,0,"$899,000",3+1 Beds,4 Baths
43.8975558,-78.8635324,"1083 RIDGEMOUNT BLVD, Oshawa, Ontario, L1K 2K8",Detached,House,Central air conditioning,Forced air,1,"$899,000",2+1 Beds,3 Baths
44.118081,-79.618447,"37 LUISA ST, Bradford West Gwillimbury, Ontario, L3Z 0P2",Townhouse,Row / Townhouse,Central air conditioning,Forced air,0,"$894,800",3 Beds,4 Baths
44.014469,-79.323704,"30 JAKE SMITH WAY, Whitchurch-Stouffville, Ontario, L4A 0T8",Detached,House,Central air conditioning,Forced air,1,"$889,000",4 Beds,3 Baths
42.3791473,-82.2102956,"568 INDIAN CREEK ROAD West, Chatham, Ontario, N7M 5J5",Detached,House,Central air conditioning,Forced air,0,"$875,000",2 Beds,3 Baths
44.5445701,-79.54891085886374,"94 LANDSCAPE DR, Oro-Medonte, Ontario, L0L 2L0",Townhouse,Row / Townhouse,Central air conditioning,Forced air,1,"$864,900",2+2 Beds,3 Baths
44.376812,-79.470068,"269 RAYNERS RD, Georgina, Ontario, L4P 1G5",Detached,House,Central air conditioning,Forced air,1,"$849,900",3 Beds,1 Bath
43.6858146,-79.7599337,"43 HEARTLEAF CRES, Brampton, Ontario, L7A 2B7",Townhouse,Row / Townhouse,Central air conditioning,Forced air,0,"$849,000",3 Beds,3 Baths
45.274101,-75.27935,"541 STRASBOURG STREET, Embrun, Ontario, K0A 1W0",Detached,House,Central air conditioning,Forced air,1,"$849,000",3 Beds,4 Baths
43.636597,-79.432422,"#21 -1250 KING ST W, Toronto, Ontario, M6K 1G5",Townhouse,Row / Townhouse,Wall unit,Baseboard heaters,0,"$836,000",2+1 Beds,1 Bath
43.5460516,-80.2493276,"21 HENDERSON DR, Guelph, Ontario, N1E 0A1",Detached,House,Central air conditioning,Forced air,0,"$799,999",3 Beds,3 Baths
43.5896231,-79.6443879,"#67 -3020 CEDARGLEN GATE, Mississauga, Ontario, L5C 4S7",Townhouse,Row / Townhouse,Central air conditioning,Forced air,0,"$799,991",2 Beds,2 Baths
44.1435081,-79.41190570379848,"1661 MOUNT ALBERT RD, East Gwillimbury, Ontario, L0G 1V0",Detached,House,Central air conditioning,Forced air,0,"$799,900",4 Beds,2 Baths
43.8505287,-79.0208814,"80 BARNHAM ST, Ajax, Ontario, L1Z 0K8",Semi-Detached,House,Central air conditioning,Forced air,0,"$799,000",4 Beds,4 Baths
43.6858146,-79.7599337,"2 STEPHENSEN CRT, Brampton, Ontario, L6V 3X8",Detached,House,Central air conditioning,Forced air,0,"$799,000",3+1 Beds,3 Baths
43.6858146,-79.7599337,"66 WEST ST, Brampton, Ontario, L6X 1V9",Detached,House,Central air conditioning,Forced air,1,"$775,000",3 Beds,2 Baths
45.3128048,-75.8940505,"497 FOXHALL WAY, Kanata, Ontario, K2M 0G2",Townhouse,Row / Townhouse,Central air conditioning,Forced air,1,"$749,900",4 Beds,3 Baths
42.3048504,-82.5479704,"1525 ST. CLAIR ROAD, Stoney Point, Ontario, N0R 1N0",Detached,House,Central air conditioning,Forced air,0,"$749,900",3 Beds,1 Bath
42.246782,-82.992243,"4410 CHERRY HILL, Windsor, Ontario, N9G 2P5",Detached,House,Central air conditioning,Forced air,0,"$749,900",3+1 Beds,3 Baths
43.121034,-79.804001,"45 ROYAL WINTER Drive|Unit #26, Binbrook, Ontario, L0R 1C0",Townhouse,Row / Townhouse,Central air conditioning,Forced air,0,"$718,850",3 Beds,4 Baths
43.2560802,-79.8728583,"237 Broadway Avenue, Hamilton, Ontario, L8S 2W7",Detached,House,Central air conditioning,Forced air,0,"$699,990",5+3 Beds,2 Baths
43.2560802,-79.8728583,"147 Longwood Road N, Hamilton, Ontario, L8S 3V8",Detached,House,Central air conditioning,Forced air,0,"$699,900",2+1 Beds,2 Baths
43.1579812,-79.2441003,"505 Scott Street, St. Catharines, Ontario, L2M 3X3",Detached,House,Central air conditioning,Forced air,0,"$699,900",2+1 Beds,2 Baths
44.3893113,-79.6901736,"89 WELLINGTON ST W, Barrie, Ontario, L4N 1K8",Detached,House,Central air conditioning,Forced air,0,"$699,000",3+1 Beds,1 Bath
43.3248924,-79.7966835,"1210 THORPE Road|Unit #318, Burlington, Ontario, L7S 2G8",Townhouse,Row / Townhouse,Central air conditioning,Forced air,0,"$699,000",3 Beds,2 Baths
43.87982,-78.9421751,"607 ATHOL ST, Whitby, Ontario, L1N 3Z9",Detached,House,Central air conditioning,Forced air,0,"$699,000",2+1 Beds,2 Baths
43.621861,-79.943877,"37 GREENORE  CRES, Halton Hills, Ontario, L7J 2T1",Semi-Detached,House,Central air conditioning,Forced air,0,"$695,000",3 Beds,2 Baths
43.2560802,-79.8728583,"##115 -590 NORTH SERVICE RD, Hamilton, Ontario",Townhouse,Row / Townhouse,Central air conditioning,Forced air,0,"$689,999",2 Beds,3 Baths
43.3600536,-80.3123023,"##31 -310 CHRISTOPHER DR, Cambridge, Ontario, N1P 1B4",Townhouse,Row / Townhouse,Central air conditioning,Forced air,1,"$669,900",3 Beds,4 Baths
45.4208777,-75.6901106,"306 TOURING WAY, Ottawa, Ontario, K2J 6N9",Townhouse,Row / Townhouse,Central air conditioning,Forced air,0,"$655,000",3 Beds,3 Baths
43.96868585,-78.65135738273909,"94 FREELAND AVE, Clarington, Ontario, L1C 4V6",Detached,House,Central air conditioning,Forced air,0,"$650,000",2+3 Beds,2 Baths
45.3341367,-75.2519986,"100 SAVAGE STREET, Limoges, Ontario, K0A 2M0",Detached,House,None,Forced air,0,"$564,900",3 Beds,1 Bath
45.3341367,-75.2519986,"88 SAVAGE STREET UNIT#A, Limoges, Ontario, K0A 2M0",Semi-Detached,House,None,Forced air,0,"$554,900",3 Beds,3 Baths
44.2963945,-77.5485522,"107 JOHN Street, Stirling, Ontario, K0K 3E0",Detached,House,Central air conditioning,Forced air,1,"$545,000",3+1 Beds,2 Baths
43.1408157,-80.2631733,"16 MAIN Street, Brantford, Ontario, N3R 3X2",Detached,House,Central air conditioning,Forced air,0,"$499,900",2 Beds,2 Baths
44.2963945,-77.5485522,"197 HENRY Street, Stirling, Ontario, K0K 3E0",Detached,House,Central air conditioning,"Forced air, Heat Pump",1,"$499,900",3+1 Beds,2 Baths
45.4413007,-74.8986384,"5224 COUNTY 10 ROAD, Fournier, Ontario, K0B 1G0",Detached,House,Central air conditioning,Forced air,0,"$449,900",3 Beds,2 Baths
46.49272,-80.991211,"83 Kipling Court, Sudbury, Ontario, P3A 1E2",Detached,House,Central air conditioning,Forced air,0,"$429,900",3 Beds,2 Baths
43.9526078,-77.34742339,"2 CRETNEY DR, Prince Edward County, Ontario, K0K 3L0",Detached,House,Central air conditioning,Forced air,0,"$429,900",2 Beds,2 Baths
44.6310905,-81.268759,"353 BRUCE COUNTY  9 Road, South Bruce Peninsula, Ontario, N0H 2T0",Detached,House,None,"Baseboard heaters, Forced air",0,"$429,000",3 Beds,1 Bath
42.7838172,-82.126915,"4604 OIL SPRINGS LINE, Oil Springs, Ontario, N0N 1P0",Detached,House,None,Boiler,0,"$389,900",4 Beds,2 Baths
42.9746137,-82.4065585,"915 ERROL ROAD East, Sarnia, Ontario, N7V 2H1",Detached,House,None,Forced air,0,"$324,900",2 Beds,1 Bath
44.7164408,-79.77099198066065,"#4 -5263 ELLIOTT SIDE RD, Tay, Ontario, L4R 4K3",Detached,Mobile Home,Window air conditioner,Baseboard heaters,1,"$299,900",2 Beds,1 Bath
43.73952294,-79.4150904,"95 ESGORE DR, Toronto, Ontario, M5M 3S1",Detached,House,Central air conditioning,Forced air,1,"$3,000,000",4 Beds,4 Baths
43.767383,-79.411426,"191 GREENFIELD AVE, Toronto, Ontario, M2N 3E2",Detached,House,Central air conditioning,Forced air,1,"$2,988,000",5+2 Beds,6 Baths
45.4208777,-75.6901106,"1108A FALAISE ROAD, Ottawa, Ontario, K2E 6R2",Detached,House,Central air conditioning,Forced air,1,"$2,495,000",4+1 Beds,5 Baths
43.7941544,-79.5268023,"2059 HIGHWAY 7, Vaughan, Ontario, L4K 1V6",Detached,House,Central air conditioning,Forced air,0,"$2,388,000",6 Beds,6 Baths
43.7941544,-79.5268023,"1 GOLDPARK CRT, Vaughan, Ontario, L4L 8V5",Detached,House,Central air conditioning,Forced air,1,"$2,299,900",5+1 Beds,5 Baths
43.668236,-79.420351,"530 EUCLID AVE, Toronto, Ontario, M6G 2T2",Semi-Detached,House,Central air conditioning,Radiant heat,0,"$2,200,000",4+2 Beds,4 Baths
43.447436,-79.666672,"2260 TOWNE BLVD, Oakville, Ontario, L6H 5J8",Detached,House,Central air conditioning,Forced air,1,"$2,199,888",5+1 Beds,4 Baths
43.729413,-79.39237,"211 WANLESS AVE, Toronto, Ontario, M4N 1W5",Detached,House,Central air conditioning,Radiant heat,1,"$2,198,000",3+1 Beds,4 Baths
43.710815,-79.418648,"487 GLENCAIRN AVE, Toronto, Ontario, M5N 1V9",Detached,House,Central air conditioning,Forced air,1,"$2,188,000",3 Beds,4 Baths
43.99973,-79.467545,"162 Heathwood Heights Dr, Aurora, ON, L4G 4X5",Detached,,,,0,"$2,149,000",4 Beds,4 Baths
43.447436,-79.666672,"2184 LUMBERMAN LANE, Oakville, Ontario, L6M 2Y7",Detached,House,Central air conditioning,Forced air,1,"$2,099,888",5+2 Beds,4 Baths
43.7941544,-79.5268023,"273 CHATFIELD DR, Vaughan, Ontario, L4H 3R8",Detached,House,Central air conditioning,Forced air,1,"$2,050,000",4 Beds,5 Baths
43.447436,-79.666672,"2183 PHEASANT LANE, Oakville, Ontario, L6M 3R8",Detached,House,Central air conditioning,Forced air,1,"$1,998,000",4+1 Beds,4 Baths
44.056258,-79.461708,"861 HOLLANDER RD, Newmarket, Ontario, L3Y 8H4",Detached,House,Central air conditioning,Forced air,1,"$1,968,888",4+2 Beds,5 Baths
43.513671,-79.882817,"5628 HIGHWAY 7, Milton, Ontario, L7J 2L7",Detached,House,Central air conditioning,Forced air,1,"$1,949,900",4+1 Beds,4 Baths
43.8563707,-79.3376825,"32 ATLANTIC AVE, Markham, Ontario, L3P 7C4",Detached,House,Central air conditioning,Forced air,1,"$1,899,900",4+2 Beds,4 Baths
43.7941544,-79.5268023,"329 VIA ROMANO BLVD, Vaughan, Ontario, L6A 0J3",Detached,House,Central air conditioning,Forced air,1,"$1,899,000",4+2 Beds,4 Baths
43.99973,-79.467545,"27 WATTS MEADOW, Aurora, Ontario, L4G 7L7",Detached,House,Central air conditioning,Forced air,1,"$1,898,888",4 Beds,5 Baths
43.3248924,-79.7966835,"1965 FIELDGATE DR, Burlington, Ontario, L7P 3H4",Detached,House,Central air conditioning,Forced air,1,"$1,799,999",3 Beds,4 Baths
43.3248924,-79.7966835,"1965 Fieldgate Drive, Burlington, Ontario, L7P 3H4",Detached,House,Central air conditioning,Forced air,0,"$1,799,999",3 Beds,4 Baths
44.056258,-79.461708,"603 QUEEN ST, Newmarket, Ontario, L3Y 2J1",Detached,House,Central air conditioning,Forced air,1,"$1,799,900",4 Beds,5 Baths
43.7941544,-79.5268023,"251 VIA TEODORO, Vaughan, Ontario, L4H 0X6",Detached,House,Central air conditioning,Forced air,1,"$1,699,000",4 Beds,3 Baths
43.447436,-79.666672,"1416 EDDIE SHAIN DR, Oakville, Ontario, L6J 7C6",Detached,House,Central air conditioning,Forced air,1,"$1,698,880",4+2 Beds,4 Baths
43.8563707,-79.3376825,"20 WHITEOAK CRT, Markham, Ontario, L3P 3Y1",Detached,House,Central air conditioning,Forced air,1,"$1,679,000",4 Beds,4 Baths
43.3600536,-80.3123023,"181 RIVERBANK Drive, Cambridge, Ontario, N3H 4R6",Detached,House,Central air conditioning,Forced air,1,"$1,649,000",3 Beds,3 Baths
43.7941544,-79.5268023,"80 VENICE CRES, Vaughan, Ontario, L4J 7T1",Detached,House,Central air conditioning,Forced air,1,"$1,649,000",3+2 Beds,4 Baths
43.768097,-79.492601,"241 DERRYDOWN RD, Toronto, Ontario, M3J 1S2",Detached,House,Central air conditioning,Forced air,1,"$1,580,000",3+1 Beds,3 Baths
43.5896231,-79.6443879,"1381 AVONLEA Court, Mississauga, Ontario, L5V 1S3",Detached,House,Central air conditioning,Forced air,0,"$1,579,000",4 Beds,3 Baths
43.686567,-79.337066,"120 HARCOURT AVE, Toronto, Ontario, M4J 1J2",Semi-Detached,House,Central air conditioning,Forced air,0,"$1,549,900",4 Beds,3 Baths
43.621861,-79.943877,"94 LAUCHLIN CRES, Halton Hills, Ontario, L7G 5R5",Detached,House,Central air conditioning,Forced air,1,"$1,499,900",4+2 Beds,4 Baths
43.447436,-79.666672,"3450 WAVECREST ST, Oakville, Ontario, L6L 6T7",Detached,House,Central air conditioning,Forced air,1,"$1,499,000",3 Beds,3 Baths
43.3248924,-79.7966835,"482 DONEGAL DR, Burlington, Ontario, L7L 2M7",Detached,House,Central air conditioning,Forced air,1,"$1,499,000",3+1 Beds,3 Baths
43.3248924,-79.7966835,"482 Donegal Drive, Burlington, Ontario, L7L 2M7",Detached,House,Central air conditioning,Forced air,0,"$1,499,000",3+1 Beds,3 Baths
43.650005,-79.482809,"25 RIVERVIEW GDNS, Toronto, Ontario, M6S 4E6",Detached,House,Wall unit,Hot water radiator heat,1,"$1,499,000",3+1 Beds,2 Baths
43.8563707,-79.3376825,"5 BANQUO RD, Markham, Ontario, L3T 3G9",Detached,House,Central air conditioning,Forced air,1,"$1,488,800",4 Beds,4 Baths
43.676218,-79.291151,"79 PICKERING ST, Toronto, Ontario, M4E 3J5",Semi-Detached,House,Central air conditioning,Forced air,1,"$1,479,000",3+1 Beds,4 Baths
43.3248924,-79.7966835,"3454 REGAL RD, Burlington, Ontario, L7N 1L8",Detached,House,Central air conditioning,Forced air,1,"$1,399,900",4+1 Beds,2 Baths
43.3248924,-79.7966835,"3454 REGAL Road, Burlington, Ontario, L7N 1L8",Detached,House,Central air conditioning,Forced air,0,"$1,399,900",4+1 Beds,2 Baths
44.1150554,-78.90598875892695,"3 MEADOW GREEN CRT, Scugog, Ontario, L0C 1G0",Detached,House,Central air conditioning,Forced air,1,"$1,399,000",2+2 Beds,4 Baths
43.8801166,-79.4392925,"14 HILTS DR, Richmond Hill, Ontario, L4S 0H4",Townhouse,Row / Townhouse,Central air conditioning,Forced air,1,"$1,388,000",3+1 Beds,4 Baths
43.447436,-79.666672,"3483 FOURTH LINE, Oakville, Ontario, L6M 1N8",Townhouse,Row / Townhouse,Central air conditioning,Forced air,1,"$1,349,900",4+1 Beds,5 Baths
43.3248924,-79.7966835,"1284 TYRRELL Road, Burlington, Ontario, L7P 2S4",Detached,House,Central air conditioning,Forced air,0,"$1,349,000",3 Beds,2 Baths
43.3248924,-79.7966835,"1284 TYRRELL RD, Burlington, Ontario, L7P 2S4",Detached,House,Central air conditioning,Forced air,1,"$1,349,000",3 Beds,2 Baths
44.0818996,-79.77443058053504,"176 SHARPE CRES, New Tecumseth, Ontario, L0G 1W0",Detached,House,Central air conditioning,Forced air,1,"$1,320,000",4 Beds,4 Baths
43.7941544,-79.5268023,"62 VELIA CRT, Vaughan, Ontario, L4H 4S5",Detached,House,Central air conditioning,Forced air,1,"$1,299,999",4 Beds,4 Baths
43.99973,-79.467545,"67 TRADEWIND TERR, Aurora, Ontario, L4G 6M7",Detached,House,Central air conditioning,Forced air,1,"$1,299,999",4 Beds,4 Baths
44.7382893,-80.12709935653204,"119 MARYJANE RD, Tiny, Ontario, L0L 2T0",Detached,House,Central air conditioning,Forced air,1,"$1,289,999",3+2 Beds,3 Baths
43.686567,-79.337066,"55 MONARCH PARK AVE, Toronto, Ontario, M4J 4P9",Detached,House,Central air conditioning,Forced air,1,"$1,200,000",3 Beds,2 Baths
43.2661904,-79.9546341,"25 Parkway Place, Dundas, Ontario, L9H 6K3",Detached,House,Central air conditioning,Forced air,0,"$1,199,900",3+1 Beds,3 Baths
43.6858146,-79.7599337,"23 CHESTNUT AVE, Brampton, Ontario, L6X 2A6",Detached,House,Central air conditioning,Forced air,1,"$1,199,900",5+1 Beds,3 Baths
43.5460516,-80.2493276,"52 RENFIELD ST, Guelph, Ontario, N1E 4A2",Detached,House,Central air conditioning,Forced air,1,"$1,199,000",3 Beds,4 Baths
43.5896231,-79.6443879,"10 SORA DR, Mississauga, Ontario, L5M 1B2",Detached,House,Central air conditioning,Forced air,1,"$1,195,000",3 Beds,1 Bath
43.602637,-79.506096,"42 STATION RD, Toronto, Ontario, M8V 2P9",Detached,House,Central air conditioning,Forced air,0,"$1,189,000",3+1 Beds,2 Baths
43.687783,-79.450978,"4 NORMAN AVE, Toronto, Ontario, M6E 1G7",Semi-Detached,House,Central air conditioning,Forced air,1,"$1,189,000",3 Beds,3 Baths
43.99973,-79.467545,"59 STODDART DR, Aurora, Ontario, L4G 2G4",Detached,House,Central air conditioning,Forced air,1,"$1,188,000",3+1 Beds,4 Baths
43.447436,-79.666672,"2279 WHISTLING SPRINGS CRES, Oakville, Ontario, L6M 0C5",Semi-Detached,House,Central air conditioning,Forced air,1,"$1,177,777",3 Beds,4 Baths
43.6858146,-79.7599337,"46 DWELLERS RD, Brampton, Ontario, L6X 5C1",Detached,House,Central air conditioning,Forced air,1,"$1,175,000",4 Beds,3 Baths
44.341595749999996,-79.34615813017496,"769 CHURCHILL LANE, Georgina, Ontario, L0E 1S0",Detached,House,Central air conditioning,Forced air,1,"$1,169,900",3 Beds,2 Baths
43.621861,-79.943877,"16 HEPBURN CRES, Halton Hills, Ontario, L7G 5P9",Detached,House,Central air conditioning,Forced air,1,"$1,150,000",3 Beds,4 Baths
42.2928986,-82.7113352,"300 CHRISTINE, Belle River, Ontario, N0R 1A0",Detached,House,Central air conditioning,Forced air,0,"$1,149,999",4+1 Beds,4 Baths
44.190608,-78.46896060471727,"159 HIGHLANDS BLVD, Cavan Monaghan, Ontario, L0A 1G0",Detached,House,Central air conditioning,Forced air,1,"$1,124,900",4 Beds,4 Baths
43.96868585,-78.65135738273909,"2530 CONCESSION 7 RD, Clarington, Ontario, L1C 3K2",Detached,House,Central air conditioning,Baseboard heaters,1,"$1,100,000",5+1 Beds,3 Baths
43.3248924,-79.7966835,"1478 FISHER AVE, Burlington, Ontario, L7P 2L8",Detached,House,Central air conditioning,Forced air,0,"$1,099,999",3+1 Beds,3 Baths
43.835765,-79.090576,"224 WILCROFT CRT, Pickering, Ontario, L1V 6N5",Detached,House,Central air conditioning,Forced air,1,"$1,099,000",4+1 Beds,4 Baths
43.99973,-79.467545,"1 VALLEY CRES, Aurora, Ontario, L4G 4S2",Detached,House,Central air conditioning,Forced air,1,"$1,098,000",3+1 Beds,3 Baths
43.76807,-79.23913,"82 Brantwood Dr, Toronto, ON, M1H 2G6",Detached,,,,0,"$1,090,000",4+2 Beds,3 Baths
42.1744783,-82.8215468,"13083 CONCESSION RD 13, Essex, Ontario, N0R 1J0",Detached,House,Central air conditioning,Forced air,0,"$1,089,000",2+1 Beds,2 Baths
43.6858146,-79.7599337,"8575 FINANCIAL DR, Brampton, Ontario, L6Y 6C4",Townhouse,Row / Townhouse,Central air conditioning,Forced air,0,"$1,075,000",4 Beds,4 Baths
43.3248924,-79.7966835,"4167 Rawlins Common, Burlington, Ontario, L7M 0B5",Townhouse,Row / Townhouse,Central air conditioning,Forced air,0,"$1,049,900",3 Beds,4 Baths
43.650381,-79.55204,"120 RAVENSCREST DR, Toronto, Ontario, M9B 5N3",Detached,House,Central air conditioning,Forced air,0,"$1,049,900",3+1 Beds,2 Baths
43.5896231,-79.6443879,"355 LADYCROFT TERR, Mississauga, Ontario, L5A 0A7",Townhouse,Row / Townhouse,Central air conditioning,Forced air,0,"$1,049,000",3 Beds,3 Baths
43.704081,-79.255219,"135 ATLEE AVE, Toronto, Ontario, M1N 4C7",Detached,House,Central air conditioning,Forced air,0,"$1,049,000",3+2 Beds,4 Baths
43.513671,-79.882817,"505 COLLIS CRT, Milton, Ontario, L9T 5M7",Semi-Detached,House,Central air conditioning,Forced air,1,"$1,048,888",3 Beds,3 Baths
43.660438,-79.465004,"580 CLENDENAN AVE, Toronto, Ontario, M6P 2Y1",Semi-Detached,House,Central air conditioning,Forced air,0,"$1,000,000",3 Beds,2 Baths
43.842903,-79.89885,"2 SLACK LANE, Caledon, Ontario, L7C 4H2",Townhouse,Row / Townhouse,Central air conditioning,Forced air,0,"$999,900",3 Beds,2 Baths
44.056258,-79.461708,"80 FORD WILSON BLVD, Newmarket, Ontario, L3X 3G1",Detached,House,Central air conditioning,Forced air,1,"$999,900",4 Beds,3 Baths
43.6858146,-79.7599337,"21 THORNBUSH BLVD, Brampton, Ontario, L7A 0K5",Detached,House,Central air conditioning,Forced air,1,"$999,900",3+1 Beds,4 Baths
43.2560802,-79.8728583,"29 Reno Avenue, Hamilton, Ontario, L8T 2S5",Detached,House,Central air conditioning,Forced air,0,"$999,900",3+2 Beds,2 Baths
43.447436,-79.666672,"2287 MILFORD LANE, Oakville, Ontario, L6H 7K7",Townhouse,Row / Townhouse,Central air conditioning,Forced air,0,"$999,888",2+1 Beds,3 Baths
43.656078,-79.36364,"5 AITKEN PL, Toronto, Ontario, M5A 4E6",Townhouse,Row / Townhouse,Central air conditioning,Forced air,1,"$999,000",3+1 Beds,2 Baths
43.5896231,-79.6443879,"621 BOOKHAM Crescent, Mississauga, Ontario, L4Z 1T7",Detached,House,Central air conditioning,Forced air,0,"$999,000",3 Beds,3 Baths
43.7941544,-79.5268023,"#4 -8050 ISLINGTON AVE, Vaughan, Ontario, L4L 1W5",Townhouse,Row / Townhouse,Central air conditioning,Forced air,1,"$998,800",3 Beds,3 Baths
43.87982,-78.9421751,"38 WIMBLEDON CRT, Whitby, Ontario, L1P 0B7",Detached,House,Central air conditioning,Forced air,0,"$979,000",3 Beds,3 Baths
43.690678,-79.313802,"86 STEPHENSON AVE, Toronto, Ontario, M4C 1G4",Semi-Detached,House,Central air conditioning,Forced air,0,"$949,000",3 Beds,3 Baths
43.3248924,-79.7966835,"1124 CEDARWOOD PL, Burlington, Ontario, L7T 4K6",Detached,House,Central air conditioning,Forced air,1,"$949,000",3 Beds,3 Baths
43.513671,-79.882817,"#55 -1000 ASLETON BLVD, Milton, Ontario, L9T 7K3",Townhouse,Row / Townhouse,Central air conditioning,Forced air,1,"$929,000",3 Beds,3 Baths
43.2560802,-79.8728583,"542 HUGHSON Street N, Hamilton, Ontario, L8L 4N9",Detached,House,Central air conditioning,Forced air,0,"$925,000",2 Beds,2 Baths
43.5460516,-80.2493276,"35 Jell Street, Guelph, Ontario, N1L 0R6",Townhouse,Row / Townhouse,Central air conditioning,Forced air,0,"$919,900",3 Beds,3 Baths
43.731742,-79.262514,"30 LORD ROBERTS DR, Toronto, Ontario, M1K 3W3",Detached,House,Central air conditioning,Forced air,0,"$899,900",5+2 Beds,3 Baths
43.693021,-79.532953,"2246 LAWRENCE AVE W, Toronto, Ontario, M9P 2A3",Detached,House,Central air conditioning,Forced air,0,"$899,900",3+1 Beds,2 Baths
43.727586,-79.517186,"35 FOXRUN AVE, Toronto, Ontario, M3L 1L9",Semi-Detached,House,Central air conditioning,Forced air,0,"$899,900",3 Beds,2 Baths
44.118081,-79.618447,"64 EVANS AVE, Bradford West Gwillimbury, Ontario, L3Z 1B5",Detached,House,Central air conditioning,Forced air,1,"$899,900",3 Beds,3 Baths
43.5896231,-79.6443879,"#15 -2232 BROMSGROVE RD, Mississauga, Ontario, L5J 0B3",Townhouse,Row / Townhouse,Central air conditioning,Forced air,0,"$899,000",3 Beds,3 Baths
42.28382,-82.997089,"8572 PRONOVOST PLACE, Windsor, Ontario, N8S 0A8",Detached,House,Central air conditioning,Forced air,1,"$899,000",4 Beds,3 Baths
43.751725,-79.299967,"24 Timgren Dr, Toronto, ON, M1R 3R5",Detached,,,,0,"$898,800",3+1 Beds,2 Baths
43.96868585,-78.65135738273909,"8 RAVEY ST, Clarington, Ontario, L1B 1N8",Detached,House,Central air conditioning,Forced air,1,"$879,000",3+2 Beds,4 Baths
43.3248924,-79.7966835,"2351 Middlesmoor Crescent, Burlington, Ontario, L7P 3X4",Semi-Detached,House,Central air conditioning,Forced air,0,"$869,900",3 Beds,2 Baths
43.2556116,-79.0723264,"132 MARY ST, Niagara-on-the-Lake, Ontario, L0S 1J0",Detached,House,Central air conditioning,Forced air,1,"$868,000",2 Beds,1 Bath
44.4233365,-78.2721953,"5 IRONS Avenue, Lakefield, Ontario, K0L 2H0",Detached,House,Central air conditioning,Forced air,1,"$865,000",1+1 Beds,3 Baths
45.4810323,-75.5100002,"1234 ST JEAN STREET, Orleans, Ontario, K1C 7C9",Detached,House,Central air conditioning,Forced air,1,"$849,900",5 Beds,3 Baths
43.621861,-79.943877,"18 EDWARD ST, Halton Hills, Ontario, L7G 1V1",Detached,House,Central air conditioning,Forced air,1,"$849,900",3+2 Beds,3 Baths
43.87982,-78.9421751,"84 DONALD FLEMING WAY, Whitby, Ontario, L1R 0N8",Townhouse,Row / Townhouse,Central air conditioning,Forced air,1,"$849,000",4 Beds,4 Baths
43.8505287,-79.0208814,"32 JACWIN DR, Ajax, Ontario, L1S 6H9",Detached,House,Central air conditioning,Forced air,0,"$849,000",4 Beds,2 Baths
45.4208777,-75.6901106,"1023 UNICORN AVENUE, Ottawa, Ontario, K4A 4H4",Detached,House,Central air conditioning,Forced air,0,"$829,900",4 Beds,3 Baths
43.447436,-79.666672,"#42 -1146 JAMESWAY BLVD, Oakville, Ontario, L6H 2Z7",Detached,House,Central air conditioning,Forced air,0,"$827,777",3+1 Beds,3 Baths
43.9595998,-78.1677784,"4 RAVENSDALE Road, Cobourg, Ontario, K9A 2B9",Detached,House,Central air conditioning,"Forced air, Heat Pump",0,"$825,000",3 Beds,3 Baths
43.9595998,-78.1677784,"4 RAVENSDALE RD, Cobourg, Ontario, K9A 2B9",Detached,House,Central air conditioning,Forced air,1,"$825,000",3 Beds,3 Baths
43.38339,-80.6997,"153 WATERLOO Street, New Hamburg, Ontario, N3A 1S3",Detached,House,Central air conditioning,Hot water radiator heat,0,"$809,000",5 Beds,3 Baths
43.6858146,-79.7599337,"138 BAYCLIFFE CRES, Brampton, Ontario, L7A 3Z3",Townhouse,Row / Townhouse,Central air conditioning,Forced air,0,"$799,999",3 Beds,3 Baths
43.451291,-80.4927815,"31 COSTAIN Court, Kitchener, Ontario, N2N 3A5",Detached,House,Central air conditioning,Forced air,1,"$799,900",3+1 Beds,2 Baths
43.96868585,-78.65135738273909,"62 MOSES CRES, Clarington, Ontario, L1C 3K2",Detached,House,Central air conditioning,Forced air,1,"$799,900",4 Beds,3 Baths
45.0617824,-75.5175929,"10526 LOUGHLIN RIDGE ROAD, Hallville, Ontario, K0E 1S0",Detached,House,Central air conditioning,Forced air,1,"$799,900",3 Beds,2 Baths
43.513671,-79.882817,"82 LOCKER PL, Milton, Ontario, L9E 1E8",Townhouse,Row / Townhouse,Central air conditioning,Forced air,0,"$799,900",3 Beds,3 Baths
43.6858146,-79.7599337,"18 STANLEY CRT, Brampton, Ontario, L6Y 2A9",Semi-Detached,House,Central air conditioning,Forced air,0,"$799,900",3+1 Beds,3 Baths
42.265799,-83.024291,"3561 BRUCE, Windsor, Ontario, N9E 1W9",Detached,House,Central air conditioning,Forced air,0,"$799,000",4 Beds,4 Baths
44.078473,-80.203431,"156 CLARK ST, Shelburne, Ontario, L9V 3W9",Semi-Detached,House,Central air conditioning,Forced air,1,"$799,000",4 Beds,3 Baths
43.99973,-79.467545,"82 BAYWELL CRES, Aurora, Ontario, L4G 7N4",Townhouse,Row / Townhouse,Central air conditioning,Forced air,0,"$799,000",3 Beds,3 Baths
44.36827245,-80.06694742944002,"208 BRETON ST, Clearview, Ontario, L0M 1S0",Detached,House,Central air conditioning,Forced air,1,"$799,000",4 Beds,3 Baths
45.4208777,-75.6901106,"363 LEFEBVRE WAY, Ottawa, Ontario, K1E 2W5",Detached,House,Central air conditioning,Forced air,1,"$799,000",3 Beds,3 Baths
43.621861,-79.943877,"15 CHARLES ST, Halton Hills, Ontario, L7G 2Z1",Semi-Detached,House,Window air conditioner,Hot water radiator heat,0,"$799,000",3 Beds,2 Baths
43.752068,-79.397935,"#7 -38 YORKMINSTER RD, Toronto, Ontario, M2P 2A4",Townhouse,Row / Townhouse,Central air conditioning,Forced air,1,"$799,000",2+1 Beds,3 Baths
44.118081,-79.618447,"731 MILLER PARK AVE, Bradford West Gwillimbury, Ontario, L3Z 0L8",Detached,House,Central air conditioning,Forced air,1,"$789,900",3+1 Beds,3 Baths
45.4208777,-75.6901106,"1150 CAMEO DRIVE, Ottawa, Ontario, K2C 1Y7",Detached,House,Central air conditioning,Forced air,1,"$789,000",4 Beds,2 Baths
43.8975558,-78.8635324,"24 GRASSMERE CRT, Oshawa, Ontario, L1H 3X4",Detached,House,Central air conditioning,Forced air,0,"$779,900",3+2 Beds,2 Baths
43.0445702,-79.2838481,"8 STRATHCONA Drive N, Pelham, Ontario, L0S 1M0",Detached,House,Central air conditioning,Forced air,0,"$774,900",3 Beds,2 Baths
44.43605,-81.38981,"364 DEVONSHIRE Road, Port Elgin, Ontario, N0H 2C2",Detached,House,Central air conditioning,Forced air,0,"$759,900",3+2 Beds,3 Baths
45.2573172,-75.3583264,"417 CENTRAL PARK BOULEVARD, Russell, Ontario, K4R 0C6",Detached,House,Central air conditioning,Forced air,0,"$754,900",3+1 Beds,3 Baths
44.210386,-77.306575,"8 CHRISTOPHER Court, Belleville, Ontario, K8N 5Z3",Detached,House,Central air conditioning,Forced air,0,"$749,900",3+2 Beds,3 Baths
43.2167526,-79.7567616,"97 SECOND Street N, Stoney Creek, Ontario, L8G 1Z5",Detached,House,Central air conditioning,Forced air,0,"$749,900",2+1 Beds,2 Baths
43.87982,-78.9421751,"120 LUPIN DR, Whitby, Ontario, L1N 1X8",Semi-Detached,House,Central air conditioning,Forced air,1,"$749,900",3+1 Beds,2 Baths
44.3596825,-78.7421729,"358 PORT COLONY RD, Kawartha Lakes, Ontario, K0M 1A0",Detached,House,Central air conditioning,Baseboard heaters,0,"$749,900",1+1 Beds,2 Baths
43.96868585,-78.65135738273909,"32 HAMMOND ST, Clarington, Ontario, L1C 5E5",Detached,House,Central air conditioning,Forced air,1,"$749,900",3 Beds,3 Baths
43.2560802,-79.8728583,"550 Corbett Street, Hamilton, Ontario, L8H 6V1",Detached,House,Central air conditioning,Forced air,0,"$719,900",2+1 Beds,2 Baths
43.2560802,-79.8728583,"550 CORBETT ST, Hamilton, Ontario, L8H 6V1",Detached,House,Central air conditioning,Forced air,0,"$719,900",3 Beds,2 Baths
43.064089,-79.931618,"72 WIGTON ST, Haldimand, Ontario, N3W 1E9",Detached,House,Central air conditioning,Forced air,1,"$719,000",3 Beds,2 Baths
43.96868585,-78.65135738273909,"2 STREATHERN WAY, Clarington, Ontario, L1C 0S4",Townhouse,Row / Townhouse,Central air conditioning,Forced air,0,"$719,000",3 Beds,2 Baths
43.621861,-79.943877,"47 CHURCHILL CRES, Halton Hills, Ontario, L7G 2N2",Detached,House,Central air conditioning,Forced air,0,"$699,900",3 Beds,2 Baths
42.327396,-82.909689,"1278 LAUREL BAY, Windsor, Ontario, N8P 1M9",Semi-Detached,Row / Townhouse,Central air conditioning,Forced air,0,"$699,900",2+1 Beds,3 Baths
45.4208777,-75.6901106,"84C CARRUTHERS AVENUE, Ottawa, Ontario, K1Y 1N2",Semi-Detached,House,None,Forced air,0,"$699,900",2 Beds,1 Bath
44.3366441,-78.01036153346413,"4395 HIGHWAY 7, Asphodel-Norwood, Ontario, K0L 2V0",Detached,House,Central air conditioning,Forced air,0,"$699,900",4 Beds,3 Baths
43.5896231,-79.6443879,"#24 -5878 MONTEVIDEO RD, Mississauga, Ontario, L5N 2V5",Townhouse,Row / Townhouse,Central air conditioning,Forced air,0,"$699,900",3 Beds,2 Baths
43.8975558,-78.8635324,"1334 CARLING AVE, Oshawa, Ontario, L1H 7P2",Detached,House,Central air conditioning,Forced air,1,"$699,900",3 Beds,3 Baths
42.1744783,-82.8215468,"13065 HYLAND Sideroad, Essex, Ontario, N0R 1K0",Detached,House,Heat Pump,Heat Pump,0,"$699,900",2+1 Beds,2 Baths
44.3596825,-78.7421729,"206 WILLIAM ST N, Kawartha Lakes, Ontario, K9V 4B9",Detached,House,Central air conditioning,Forced air,1,"$699,000",3 Beds,2 Baths
43.1579812,-79.2441003,"9 COLONIAL CRT, St. Catharines, Ontario, L2N 2R2",Detached,House,Central air conditioning,Forced air,1,"$699,000",3 Beds,3 Baths
43.6858146,-79.7599337,"6 HEDLEY CRT, Brampton, Ontario, L6S 2B6",Detached,House,Central air conditioning,Forced air,0,"$699,000",4+1 Beds,2 Baths
43.8975558,-78.8635324,"547 BERWICK CRES, Oshawa, Ontario, L1J 3E6",Semi-Detached,House,Central air conditioning,Forced air,0,"$689,000",4 Beds,3 Baths
43.8801166,-79.4392925,"#414 -75 WELDRICK RD E, Richmond Hill, Ontario, L4C 0H9",Townhouse,Row / Townhouse,Central air conditioning,Forced air,0,"$688,000",3+1 Beds,3 Baths
44.3048009,-78.3199496,"260 WOODWARD AVE, Peterborough, Ontario, K9L 1J7",Detached,House,Central air conditioning,Forced air,1,"$679,900",2+2 Beds,2 Baths
43.8975558,-78.8635324,"131 HIGHLAND AVE, Oshawa, Ontario, L1H 6A5",Detached,House,Central air conditioning,Forced air,0,"$669,900",2+1 Beds,2 Baths
45.4208777,-75.6901106,"217 BELLEEK LANE, Ottawa, Ontario, K2J 6G7",Townhouse,Row / Townhouse,Central air conditioning,Forced air,1,"$659,900",3 Beds,3 Baths
43.17354975,-79.41600688766434,"4389 HENRY Avenue, Lincoln, Ontario, L0R 1B6",Townhouse,Row / Townhouse,Central air conditioning,Forced air,0,"$650,000",3 Beds,3 Baths
43.1579812,-79.2441003,"194 Dorothy Street, St. Catharines, Ontario, L2N 7R4",Townhouse,Row / Townhouse,Central air conditioning,Forced air,0,"$649,900",3 Beds,3 Baths
43.6858146,-79.7599337,"#96 -93 HANSEN RD N, Brampton, Ontario, L6V 3C8",Townhouse,Row / Townhouse,Central air conditioning,Forced air,0,"$629,900",3 Beds,1 Bath
43.811594,-79.188405,"#101 -1785 MARKHAM  RD, Toronto, Ontario, M1B 2Z7",Townhouse,Row / Townhouse,Central air conditioning,Forced air,0,"$629,000",2+1 Beds,2 Baths
42.9922181,-79.2484192,"53 YORK Street, Welland, Ontario, L3B 4A8",Townhouse,Row / Townhouse,Central air conditioning,Hot water radiator heat,0,"$625,000",3 Beds,4 Baths
45.1403366,-76.1465672,"142 NAPOLEON Street, Carleton Place, ON, K7C 2X2",Townhouse,,,,0,"$625,000",3+1 Beds,2 Baths
43.96868585,-78.65135738273909,"29 MARKHAM TR, Clarington, Ontario, L1C 0S4",Townhouse,Row / Townhouse,Central air conditioning,Forced air,0,"$599,900",3 Beds,3 Baths
43.96868585,-78.65135738273909,"58 LARKIN LANE, Clarington, Ontario, L1C 2W3",Detached,House,Central air conditioning,Forced air,0,"$599,900",3 Beds,3 Baths
42.1013315,-83.1086458,"159 HYDE PARK, Amherstburg, Ontario, N9V 3R3",Detached,House,Central air conditioning,Forced air,0,"$599,900",4 Beds,3 Baths
43.2560802,-79.8728583,"85 BREADALBANE Street, Hamilton, Ontario, L8R 3G4",Townhouse,Row / Townhouse,Wall unit,"Radiant heat, Boiler",0,"$599,800",2+1 Beds,2 Baths
43.8975558,-78.8635324,"115 MCLAUGHLIN BLVD, Oshawa, Ontario, L1G 2P2",Detached,House,Central air conditioning,Forced air,0,"$599,800",2 Beds,2 Baths
44.23891108888889,-79.45252973333334,"989 BARTON AVE, Georgina, Ontario, L4P 3E9",Detached,House,Central air conditioning,Forced air,0,"$599,000",2 Beds,1 Bath
43.1408157,-80.2631733,"#903 -585 COLBORNE ST E, Brantford, Ontario, N3S 3M7",Townhouse,Row / Townhouse,Central air conditioning,Forced air,0,"$599,000",2 Beds,3 Baths
45.313529,-75.086746,"2140 COUNTY RD 8 ROAD, Casselman, Ontario, K0A 1M0",Detached,House,Central air conditioning,Forced air,1,"$599,000",2+1 Beds,3 Baths
43.451291,-80.4927815,"54 BRIDGE Street W Unit# 14, Kitchener, Ontario, N2K 1K7",Townhouse,Row / Townhouse,Central air conditioning,Forced air,0,"$590,000",2 Beds,1 Bath
45.1403366,-76.1465672,"106 RIDDELL STREET, Carleton Place, Ontario, K7C 0C4",Townhouse,Row / Townhouse,Central air conditioning,Forced air,1,"$584,900",3 Beds,3 Baths
45.3128048,-75.8940505,"511 COLDWATER CRESCENT, Kanata, Ontario, K2M 0J4",Townhouse,Row / Townhouse,Central air conditioning,Forced air,0,"$554,000",3 Beds,3 Baths
45.274101,-75.27935,"132 ST MALO PLACE, Embrun, Ontario, K0A 1W0",Townhouse,Row / Townhouse,Central air conditioning,Forced air,0,"$539,900",2+1 Beds,2 Baths
44.3596825,-78.7421729,"36 SARAH CRES, Kawartha Lakes, Ontario, K0L 2W0",Detached,House,Central air conditioning,Forced air,0,"$539,900",3 Beds,2 Baths
46.52391,-84.320068,"48 Millcreek DR, Sault Ste. Marie, Ontario, P6B 6H6",Detached,,,,0,"$499,900",2+1 Beds,2 Baths
43.2560802,-79.8728583,"125 Limeridge Road W|Unit #18, Hamilton, Ontario, L9C 2V3",Townhouse,Row / Townhouse,Central air conditioning,Forced air,0,"$499,900",3 Beds,2 Baths
45.3128048,-75.8940505,"551 ABERFOYLE CIRCLE, Kanata, Ontario, K2K 3R2",Townhouse,Row / Townhouse,Central air conditioning,Forced air,1,"$479,000",3 Beds,3 Baths
42.0378963,-82.7396606,"87 CROSSWINDS BOULEVARD, Kingsville, Ontario, N9Y 4B1",Townhouse,Row / Townhouse,Central air conditioning,Forced air,0,"$469,900",2+1 Beds,3 Baths
42.0378963,-82.7396606,"87 CROSSWINDS BOULEVARD, Kingsville, Ontario, N9Y 4B1",Semi-Detached,Row / Townhouse,Central air conditioning,Forced air,0,"$469,900",2+1 Beds,3 Baths
45.4208777,-75.6901106,"1455 PALMERSTON DRIVE, Ottawa, Ontario, K1J 8N9",Townhouse,Row / Townhouse,Central air conditioning,Forced air,0,"$469,000",3 Beds,2 Baths
45.433515,-76.3543692,"60 RUSSELL Street NORTH, Arnprior, ON, K7S 2J3",Townhouse,,,,0,"$449,900",2+1 Beds,2 Baths
42.0531166,-82.5996998,"345 ROBSON ROAD, Leamington, Ontario, N8H 5G6",Detached,House,Heat Pump,"Baseboard heaters, Heat Pump",0,"$439,900",2 Beds,2 Baths
45.3128048,-75.8940505,"14 BANEBERRY CRESCENT, Kanata, Ontario, K2L 2Y4",Townhouse,Row / Townhouse,Central air conditioning,Forced air,0,"$439,900",3 Beds,2 Baths
45.4208777,-75.6901106,"1729 TRAPPIST LANE, Ottawa, Ontario, K1C 1X7",Townhouse,Row / Townhouse,Central air conditioning,Forced air,0,"$425,000",3 Beds,2 Baths
45.4208777,-75.6901106,"957 CUMMINGS AVENUE, Ottawa, Ontario, K1J 7R9",Detached,House,Central air conditioning,Forced air,1,"$419,900",2 Beds,2 Baths
42.1013315,-83.1086458,"284 Pickering DRIVE, Amherstburg, Ontario, N9V 1R6",Detached,House,Central air conditioning,Baseboard heaters,0,"$399,900",3 Beds,2 Baths
42.15008,-82.96654,"9586 WALKER, McGregor, Ontario, N0R 1J0",Detached,House,Central air conditioning,Forced air,0,"$399,900",3 Beds,1 Bath
42.1013315,-83.1086458,"48 Balaclava STREET South, Amherstburg, Ontario, N9V 2G6",Detached,House,Central air conditioning,Forced air,0,"$399,480",2 Beds,2 Baths
43.3248924,-79.7966835,"#609 -1129 COOKE BLVD, Burlington, Ontario, L7T 0C3",Townhouse,Row / Townhouse,Central air conditioning,Forced air,0,"$399,000",1 Beds,1 Bath
45.1412662,-74.4999495,"20987 CEDAR DRIVE, Lancaster, Ontario, K0C 1N0",Detached,House,None,Baseboard heaters,1,"$309,900",2 Beds,2 Baths
42.316358,-82.992932,"1926 Jefferson, Windsor, Ontario, N8Y 4C1",Detached,House,Central air conditioning,Forced air,0,"$299,900",2 Beds,1 Bath
42.316358,-82.992932,"1715 ARTHUR, Windsor, Ontario, N8Y 3Z4",Detached,House,Central air conditioning,Forced air,0,"$279,900",3 Beds,1 Bath
42.28382,-82.997089,"859 MOY AVENUE, Windsor, Ontario, N9A 2N7",Detached,House,Central air conditioning,Forced air,0,"$274,900",3 Beds,2 Baths
42.316358,-82.992932,"886 JOS JANNISE, Windsor, Ontario, N8Y 3A8",Detached,House,Central air conditioning,Forced air,0,"$249,900",2 Beds,1 Bath
48.7672213,-80.6770998,"15 Elm ST, Iroquois Falls, Ontario, P0K 1E0",Detached,,,,0,"$239,900",3 Beds,2 Baths
42.295477,-83.053394,"1260 McKay, Windsor, Ontario, N9B 2A9",Detached,House,Central air conditioning,Forced air,0,"$219,900",2 Beds,1 Bath
43.447436,-79.666672,"4132 HILLSBOROUGH CRES, Oakville, Ontario, L6H 3R1",Detached,House,Central air conditioning,Forced air,1,$1,4 Beds,4 Baths
43.676218,-79.291151,"28 PINE AVE, Toronto, Ontario, M4E 1L8",Detached,House,Central air conditioning,Forced air,0,"$2,999,990",3+2 Beds,3 Baths
43.648806,-79.413855,"225 EUCLID AVE, Toronto, Ontario, M6J 2K1",Detached,House,Central air conditioning,Forced air,0,"$2,999,990",3+1 Beds,3 Baths
43.686359,-79.40231,"20 OAKLANDS AVE, Toronto, Ontario, M4V 2E5",Townhouse,Row / Townhouse,Central air conditioning,Forced air,1,"$2,795,000",3 Beds,3 Baths
43.8563707,-79.3376825,"18 RAVENHILL CRES, Markham, Ontario, L3S 2V1",Detached,House,Central air conditioning,Forced air,1,"$2,780,000",5+2 Beds,6 Baths
43.650005,-79.482809,"44 RIVERCREST RD, Toronto, Ontario, M6S 4H3",Detached,House,Central air conditioning,Forced air,1,"$2,775,000",5 Beds,5 Baths
43.729413,-79.39237,"277 LAWRENCE AVE E, Toronto, Ontario, M4N 1T6",Detached,House,Central air conditioning,Forced air,1,"$2,688,000",4 Beds,3 Baths
44.1435081,-79.41190570379848,"39 MAPLEHYRN AVE, East Gwillimbury, Ontario, L0G 1V0",Detached,House,Central air conditioning,Forced air,1,"$2,575,000",3+2 Beds,4 Baths
43.447436,-79.666672,"2278 CARPENTERS CIRC, Oakville, Ontario, L6M 3C6",Detached,House,Central air conditioning,Forced air,1,"$2,499,999",5+1 Beds,5 Baths
43.7941544,-79.5268023,"39 HEADWIND BLVD, Vaughan, Ontario, L4H 3R9",Detached,House,Central air conditioning,Forced air,1,"$2,348,000",4+1 Beds,5 Baths
43.7941544,-79.5268023,"246 THORNWAY AVE, Vaughan, Ontario, L4J 7X8",Detached,House,Central air conditioning,Forced air,1,"$2,337,000",5+3 Beds,5 Baths
43.5896231,-79.6443879,"110 ST. LAWRENCE DR, Mississauga, Ontario, L5G 4V1",Townhouse,Row / Townhouse,Central air conditioning,Forced air,1,"$2,288,888",5 Beds,4 Baths
43.7941544,-79.5268023,"143 QUEEN FILOMENA AVE, Vaughan, Ontario, L6A 0H7",Detached,House,Central air conditioning,Forced air,1,"$1,989,000",4+2 Beds,5 Baths
43.754227,-79.328265,"84 VALENTINE DR, Toronto, Ontario, M3A 3J8",Detached,House,Central air conditioning,Forced air,1,"$1,880,000",4+1 Beds,4 Baths
43.621861,-79.943877,"13 CHARLES ST, Halton Hills, Ontario, L7G 2Z1",Detached,House,Central air conditioning,Forced air,1,"$1,725,000",3+3 Beds,3 Baths
43.513671,-79.882817,"497 BOYD LANE, Milton, Ontario, L9E 1X2",Detached,House,Central air conditioning,Forced air,1,"$1,699,900",5 Beds,4 Baths
43.8563707,-79.3376825,"11 GREENGAGE ST, Markham, Ontario, L6E 1X8",Detached,House,Central air conditioning,Forced air,1,"$1,688,000",4+2 Beds,5 Baths
43.8801166,-79.4392925,"70 PICKETT CRES, Richmond Hill, Ontario, L4C 9L9",Detached,House,Central air conditioning,Forced air,1,"$1,688,000",4+1 Beds,3 Baths
43.6858146,-79.7599337,"1 ZIMMER ST, Brampton, Ontario, L6S 6L3",Detached,House,Central air conditioning,Forced air,1,"$1,599,000",4+3 Beds,4 Baths
43.451291,-80.4927815,"321 DEER RIDGE Drive, Kitchener, Ontario, N2P 2K6",Detached,House,Central air conditioning,Forced air,0,"$1,549,000",4 Beds,3 Baths
43.8975558,-78.8635324,"1506 SPENCELY CRT, Oshawa, Ontario, L1K 0A8",Detached,House,Central air conditioning,Forced air,1,"$1,499,900",4 Beds,4 Baths
44.118081,-79.618447,"22 MCKENZIE WAY, Bradford West Gwillimbury, Ontario, L3Z 0K1",Detached,House,Central air conditioning,Forced air,1,"$1,499,900",4+1 Beds,4 Baths
43.680156,-79.374616,"36 EDGEWOOD CRES, Toronto, Ontario, M4W 3A9",Detached,House,Central air conditioning,Forced air,1,"$1,495,000",4 Beds,1 Bath
43.5896231,-79.6443879,"887 VINTNER DR, Mississauga, Ontario, L4W 4S6",Detached,House,Central air conditioning,Forced air,1,"$1,479,900",3 Beds,4 Baths
44.11697,-79.497616,"133 DOG WOOD BLVD, East Gwillimbury, Ontario, L9N 0S9",Detached,House,Central air conditioning,Forced air,1,"$1,399,900",4 Beds,3 Baths
43.660438,-79.465004,"173 RANKIN CRES, Toronto, Ontario, M6P 4H8",Semi-Detached,House,Central air conditioning,Forced air,0,"$1,399,000",3 Beds,3 Baths
45.4208777,-75.6901106,"446 WESTMINSTER AVENUE, Ottawa, Ontario, K2A 2T8",Detached,House,Central air conditioning,"Hot water radiator heat, Radiant heat",0,"$1,395,000",4 Beds,3 Baths
44.3893113,-79.6901736,"149 LETITIA ST, Barrie, Ontario, L4N 1P4",Detached,House,Central air conditioning,Forced air,1,"$1,389,900",2+2 Beds,3 Baths
43.71275,-79.406626,"134 HELENDALE AVE, Toronto, Ontario, M4R 1C7",Detached,House,Central air conditioning,Forced air,0,"$1,388,000",3 Beds,3 Baths
42.2450635,-83.0606534,"280 Gary AVENUE, LaSalle, Ontario, N9J 1V2",Detached,House,Central air conditioning,Forced air,0,"$1,349,999",4 Beds,4 Baths
43.225693,-79.976692,"240 KITTY MURRAY Lane, Ancaster, Ontario, L9K 1L8",Detached,House,Central air conditioning,Forced air,0,"$1,349,900",3+1 Beds,5 Baths
43.2560802,-79.8728583,"45 SKINNER RD, Hamilton, Ontario, L8B 1W7",Detached,House,Central air conditioning,Forced air,1,"$1,349,000",4 Beds,5 Baths
43.6858146,-79.7599337,"115 BINDER TWINE TR, Brampton, Ontario, L6X 4V5",Detached,House,Central air conditioning,Forced air,1,"$1,299,800",4+2 Beds,4 Baths
43.8563707,-79.3376825,"44 HAVELOCK GATE, Markham, Ontario, L3S 3X6",Detached,House,Central air conditioning,Forced air,1,"$1,299,000",4+2 Beds,4 Baths
43.64877,-79.38171,"41 LEILA JACKSON TERR, Toronto, Ontario, M3L 0B2",Detached,House,Central air conditioning,Forced air,1,"$1,299,000",4 Beds,3 Baths
43.5896231,-79.6443879,"2586 HAMMOND RD, Mississauga, Ontario, L5K 1T2",Detached,House,Central air conditioning,Forced air,1,"$1,298,000",4 Beds,4 Baths
43.8563707,-79.3376825,"96 LIVING CRES, Markham, Ontario, L6C 0T4",Semi-Detached,House,Central air conditioning,Forced air,0,"$1,288,880",4+1 Beds,6 Baths
43.92856,-79.52694,"16605 JANE Street, King City, Ontario, L7B 0G8",Detached,House,Central air conditioning,Forced air,0,"$1,250,000",3+1 Beds,2 Baths
45.4208777,-75.6901106,"448 CINNAMON CRESCENT, Ottawa, Ontario, K0A 2H0",Detached,House,Central air conditioning,Forced air,1,"$1,249,900",3 Beds,3 Baths
43.447436,-79.666672,"488 FOURTH LINE, Oakville, Ontario, L6L 5A7",Detached,House,Central air conditioning,Forced air,1,"$1,249,000",2+1 Beds,2 Baths
43.87982,-78.9421751,"83 GARDEN ST, Whitby, Ontario, L1N 9E7",Detached,House,Central air conditioning,Forced air,1,"$1,225,000",3+2 Beds,3 Baths
43.626816,-79.516419,"86 EDGECROFT RD, Toronto, Ontario, M8Z 2C3",Detached,House,Central air conditioning,Forced air,0,"$1,200,000",3+1 Beds,1 Bath
44.118081,-79.618447,"31  WEIR  ST, Bradford West Gwillimbury, Ontario, L3Z 0K6",Detached,House,Central air conditioning,Forced air,0,"$1,199,000",4 Beds,3 Baths
45.4208777,-75.6901106,"1452 NORMANDY CRESCENT, Ottawa, Ontario, K2C 0N6",Detached,House,Central air conditioning,Forced air,1,"$1,150,000",4+3 Beds,4 Baths
42.2450635,-83.0606534,"3893 St Francis, LaSalle, Ontario, N9H 1W7",Detached,House,"Central air conditioning, Fully air conditioned",Forced air,0,"$1,149,000",4+1 Beds,4 Baths
45.4208777,-75.6901106,"597 PARKVIEW ROAD, Ottawa, Ontario, K1Z 7E8",Semi-Detached,House,Central air conditioning,Forced air,1,"$1,129,000",3 Beds,3 Baths
44.7382893,-80.12709935653204,"70 COPELAND CREEK DR, Tiny, Ontario, L9M 0M2",Detached,House,Central air conditioning,Forced air,1,"$1,100,000",2+2 Beds,3 Baths
43.8563707,-79.3376825,"162 WILLIAM HONEY CRES, Markham, Ontario, L3S 2L5",Detached,House,Central air conditioning,Forced air,0,"$1,099,990",3 Beds,4 Baths
42.28382,-82.997089,"525 MAGUIRE STREET, Windsor, Ontario, N9E 0A6",Detached,House,Central air conditioning,,0,"$1,099,900",4+2 Beds,4 Baths
43.835765,-79.090576,"1603 SANDHURST CRES, Pickering, Ontario, L1V 6W2",Detached,House,Central air conditioning,Forced air,1,"$1,099,000",3 Beds,4 Baths
44.056258,-79.461708,"550 FOXCROFT BLVD, Newmarket, Ontario, L3X 3L6",Semi-Detached,House,Central air conditioning,Forced air,1,"$1,099,000",3+1 Beds,4 Baths
44.056258,-79.461708,"316 LUCK CRT, Newmarket, Ontario, L3X 0J5",Townhouse,Row / Townhouse,Central air conditioning,Forced air,0,"$1,098,000",3 Beds,3 Baths
43.6858146,-79.7599337,"94 AMBLESIDE DR, Brampton, Ontario, L6Y 1B9",Detached,House,Central air conditioning,Forced air,1,"$1,095,000",3+1 Beds,2 Baths
43.801685,-79.32186,"17 Kilkenny Dr, Toronto, ON, M1W 1J5",Detached,,,,0,"$1,088,000",3 Beds,2 Baths
45.3917725,-76.1883413,"248 STONEWALK WAY, Kinburn, Ontario, K0A 2H0",Detached,House,Central air conditioning,Forced air,0,"$999,999",3 Beds,2 Baths
43.3248924,-79.7966835,"1037 WAYNE Place, Burlington, Ontario, L7T 3R5",Detached,House,Central air conditioning,Forced air,0,"$999,905",4 Beds,3 Baths
42.3038299,-82.8189267,"202 FLANDERS, Lakeshore, Ontario, N8N 3G3",Detached,House,Central air conditioning,,0,"$999,900",4+1 Beds,5 Baths
43.1579812,-79.2441003,"116 ARTHUR Street, St. Catharines, Ontario, L2M 1H7",Detached,House,Central air conditioning,Forced air,0,"$999,000",4+1 Beds,3 Baths
43.657016,-79.338932,"#4 -169 JONES AVE, Toronto, Ontario, M4M 3A2",Townhouse,Row / Townhouse,Central air conditioning,Forced air,0,"$999,000",3 Beds,3 Baths
43.7941544,-79.5268023,"9 CRESTBANK CRT, Vaughan, Ontario, L6A 0B2",Townhouse,Row / Townhouse,Central air conditioning,Forced air,0,"$999,000",3 Beds,4 Baths
44.014469,-79.323704,"191 PENNDUTCH CIRC, Whitchurch-Stouffville, Ontario, L4A 0N9",Detached,House,Central air conditioning,Forced air,0,"$999,000",4+2 Beds,4 Baths
43.5896231,-79.6443879,"3038 BENTLEY DR, Mississauga, Ontario, L5M 6W2",Semi-Detached,House,Central air conditioning,Forced air,0,"$999,000",3+1 Beds,4 Baths
43.731742,-79.262514,"30 CLETA DR, Toronto, Ontario, M1K 3G6",Detached,House,Central air conditioning,Baseboard heaters,0,"$999,000",3+2 Beds,2 Baths
43.87982,-78.9421751,"9 DORIAN DR, Whitby, Ontario, L1P 0B8",Detached,House,Central air conditioning,Forced air,1,"$999,000",4 Beds,3 Baths
43.5896231,-79.6443879,"1341 LUDBROOK CRT, Mississauga, Ontario, L5J 3P2",Detached,House,Central air conditioning,Forced air,1,"$999,000",4+1 Beds,3 Baths
43.5896231,-79.6443879,"7067 OLD MILL LANE, Mississauga, Ontario, L5W 1A1",Detached,House,Wall unit,Forced air,1,"$999,000",2 Beds,1 Bath
43.5896231,-79.6443879,"3394 EGLINTON AVE W, Mississauga, Ontario, L5M 7P2",Townhouse,Row / Townhouse,Central air conditioning,Forced air,1,"$998,900",3 Beds,4 Baths
43.835765,-79.090576,"1501 OBERON CRT, Pickering, Ontario, L1V 4V4",Detached,House,Central air conditioning,Forced air,1,"$998,700",3+1 Beds,3 Baths
43.6858146,-79.7599337,"2 BRIXHAM LANE, Brampton, Ontario, L7A 0B3",Semi-Detached,House,Central air conditioning,Forced air,0,"$998,000",3 Beds,3 Baths
43.451291,-80.4927815,"80 WATER ST S, Kitchener, Ontario, N2G 1Z5",Detached,House,Central air conditioning,Radiant heat,1,"$995,000",3 Beds,3 Baths
43.87982,-78.9421751,"130 BRIDLEWOOD BLVD, Whitby, Ontario, L1R 3R8",Detached,House,Central air conditioning,Forced air,0,"$995,000",3 Beds,3 Baths
43.6858146,-79.7599337,"40 PHILOSOPHER'S TR, Brampton, Ontario, L6S 4C9",Detached,House,Central air conditioning,Forced air,0,"$988,000",3 Beds,3 Baths
43.96868585,-78.65135738273909,"114 GLEN EAGLES DR, Clarington, Ontario, L1E 3H8",Detached,House,Central air conditioning,Forced air,1,"$974,900",4 Beds,3 Baths
43.740315,-79.538435,"9 Ron Attwell St, Toronto, ON, M9M 0C6",Semi-Detached,,,,0,"$949,999",3+1 Beds,3 Baths
44.3893113,-79.6901736,"155 SANDRINGHAM DR, Barrie, Ontario, L4N 0Y9",Detached,House,Central air conditioning,Forced air,1,"$949,900",2+2 Beds,3 Baths
44.5445701,-79.54891085886374,"158 MOONSTONE RD E, Oro-Medonte, Ontario, L0K 1N0",Detached,House,Central air conditioning,Forced air,1,"$949,000",3+2 Beds,3 Baths
43.71351605,-80.3920235,"104 HARPIN Way E, Fergus, Ontario, N1M 2W3",Detached,House,Central air conditioning,Forced air,1,"$939,900",4 Beds,3 Baths
43.621861,-79.943877,"90 MOUNTAINVIEW RD S, Halton Hills, Ontario, L7G 4K5",Detached,House,Central air conditioning,Forced air,0,"$934,900",3+2 Beds,3 Baths
43.8563707,-79.3376825,"41 CELEBRITY GREENS WAY, Markham, Ontario, L6E 1B5",Townhouse,Row / Townhouse,Central air conditioning,Forced air,1,"$928,000",2 Beds,3 Baths
43.1301111,-80.7562977,"353 MUNNOCH Boulevard, Woodstock, Ontario, N4T 0H7",Detached,House,Central air conditioning,Forced air,1,"$915,000",2+2 Beds,3 Baths
43.5460516,-80.2493276,"6 KRON DR, Guelph, Ontario, N1G 3E2",Detached,House,Central air conditioning,Forced air,0,"$899,999",4+2 Beds,4 Baths
43.5460516,-80.2493276,"6 KRON Drive, Guelph, Ontario, N1G 3E2",Detached,House,Central air conditioning,Forced air,0,"$899,999",4+2 Beds,4 Baths
43.687783,-79.450978,"195 NAIRN AVE, Toronto, Ontario, M6E 4H2",Detached,House,Central air conditioning,Forced air,0,"$899,900",2+1 Beds,1 Bath
43.64877,-79.38171,"#202 -15 SOUSA MENDES ST, Toronto, Ontario, M6P 0A9",Townhouse,Row / Townhouse,Central air conditioning,Forced air,0,"$899,900",2+1 Beds,3 Baths
43.5460516,-80.2493276,"46 DOYLE Drive, Guelph, Ontario, N1G 5E3",Detached,House,Central air conditioning,Forced air,0,"$899,900",3+1 Beds,4 Baths
43.690678,-79.313802,"192 GLEDHILL AVE, Toronto, Ontario, M4C 5L1",Detached,House,Wall unit,Forced air,0,"$899,000",2 Beds,2 Baths
43.2560802,-79.8728583,"14 DURHAM RD, Hamilton, Ontario, L8E 1W8",Detached,House,Central air conditioning,Forced air,1,"$899,000",3 Beds,3 Baths
43.2167526,-79.7567616,"14 DURHAM Road, Stoney Creek, Ontario, L8E 1W8",Detached,House,Central air conditioning,Forced air,0,"$899,000",3 Beds,3 Baths
44.83187403333333,-79.7367417,"20 MARINA VILLAGE DR, Georgian Bay, Ontario, L0K 1S0",Detached,House,Central air conditioning,Forced air,1,"$898,999",3 Beds,3 Baths
43.8801166,-79.4392925,"68 KITSILANO CRES, Richmond Hill, Ontario, L4C 5A5",Townhouse,Row / Townhouse,Central air conditioning,Forced air,0,"$898,000",4+1 Beds,2 Baths
45.4208777,-75.6901106,"6974 BANK Street, Ottawa, ON, K0A 2P0",Townhouse,,,,0,"$879,900",3 Beds,4 Baths
43.835765,-79.090576,"1716 WOLLASTON CRT, Pickering, Ontario, L1V 2X1",Detached,House,Central air conditioning,Forced air,1,"$875,000",3 Beds,3 Baths
44.210386,-77.306575,"3 BRISTOL Place, Belleville, Ontario, K8N 4Z5",Detached,House,Central air conditioning,Forced air,1,"$855,900",3+2 Beds,3 Baths
43.676479,-79.481669,"10 RAVENAL ST, Toronto, Ontario, M6N 3Y7",Semi-Detached,House,Central air conditioning,Forced air,0,"$849,900",3+1 Beds,2 Baths
45.4208777,-75.6901106,"53 STRATHCONA AVENUE, Ottawa, Ontario, K1S 1X3",Detached,House,Central air conditioning,Forced air,0,"$849,900",3 Beds,2 Baths
45.2550212,-75.1221013,"928 DU CASTOR ROAD, St Albert, Ontario, K0A 3C0",Detached,House,Central air conditioning,Forced air,0,"$849,900",3+2 Beds,3 Baths
43.513671,-79.882817,"1180 MCDOWELL CRES, Milton, Ontario, L9T 6R6",Townhouse,Row / Townhouse,Central air conditioning,Forced air,0,"$839,000",3 Beds,3 Baths
43.87982,-78.9421751,"4 SINDEN DR, Whitby, Ontario, L1M 2B8",Detached,House,Central air conditioning,Forced air,1,"$800,000",3 Beds,2 Baths
43.3248924,-79.7966835,"4332 INGRAM COMMON, Burlington, Ontario, L7L 0C4",Townhouse,Row / Townhouse,Central air conditioning,Heat Pump,1,"$799,999",2+1 Beds,2 Baths
42.3117951,-82.8861974,"2036 EUGENI STREET, Tecumseh, Ontario, N9K 1B3",Detached,House,Central air conditioning,Forced air,0,"$799,900",5+1 Beds,4 Baths
42.2450635,-83.0606534,"633 COMMISSO CRESCENT, LaSalle, Ontario, N9H 0C8",Semi-Detached,Row / Townhouse,Central air conditioning,Forced air,0,"$799,900",2+1 Beds,3 Baths
43.87982,-78.9421751,"166 BOURBON PL, Whitby, Ontario, L1R 3C6",Townhouse,Row / Townhouse,Central air conditioning,Forced air,0,"$799,898",3 Beds,4 Baths
43.835765,-79.090576,"833 NAROCH BLVD, Pickering, Ontario, L1W 1T1",Detached,House,Central air conditioning,Forced air,0,"$799,000",3+1 Beds,2 Baths
42.949626,-81.340963,"1139 VISCOUNT Road, London, Ontario, N6K 1H9",Detached,House,Central air conditioning,Forced air,0,"$799,000",4+1 Beds,4 Baths
42.2450635,-83.0606534,"1318 Tom Toth, LaSalle, Ontario, N9H 0L9",Semi-Detached,Row / Townhouse,Central air conditioning,Forced air,0,"$798,888",2 Beds,2 Baths
42.418259,-82.202405,"15 IVY PL, Chatham, Ontario, N7L 5R7",Detached,House,Central air conditioning,Forced air,0,"$787,700",3 Beds,2 Baths
42.28382,-82.997089,"1462 CYPRESS AVENUE, Windsor, Ontario, N8P 0E2",Semi-Detached,Row / Townhouse,Central air conditioning,Forced air,0,"$779,900",2+2 Beds,3 Baths
45.4208777,-75.6901106,"4 ROCKFIELD CRESCENT, Ottawa, Ontario, K2E 5L5",Detached,House,Central air conditioning,Forced air,1,"$779,000",4 Beds,3 Baths
45.4208777,-75.6901106,"180 BREEZEHILL Avenue NORTH, Ottawa, ON, K1Y 2H9",Detached,,,,0,"$774,900",3 Beds,2 Baths
44.7546878,-79.51491635139335,"7463 ISLAND CRES, Severn, Ontario, L0K 2B0",Detached,House,Wall unit,Baseboard heaters,1,"$749,900",4 Beds,1 Bath
44.7612581,-75.738843,"11646 ROCKSPRINGS ROAD, North Augusta, Ontario, K0G 1R0",Detached,House,None,Forced air,0,"$749,000",3+1 Beds,3 Baths
44.190608,-78.46896060471727,"1976 CATHCART Crescent, Cavan-Monaghan, Ontario, L0A 1C0",Detached,House,Central air conditioning,Forced air,1,"$739,900",3 Beds,2 Baths
45.2573172,-75.3583264,"622 DU PARC  AVE, Russell, Ontario, K4R 1C5",Detached,House,Central air conditioning,Forced air,1,"$725,000",3 Beds,2 Baths
43.2560802,-79.8728583,"20 Garside Avenue N, Hamilton, Ontario, L8H 4W2",Detached,House,Central air conditioning,Forced air,0,"$720,000",3 Beds,2 Baths
44.376812,-79.470068,"175 FREDERICK ST, Georgina, Ontario, L4P 2J2",Detached,House,Central air conditioning,Forced air,1,"$699,999",3+1 Beds,3 Baths
43.2560802,-79.8728583,"126 GARSIDE Avenue S, Hamilton, Ontario, L8K 2W2",Detached,House,Central air conditioning,Forced air,0,"$699,900",4 Beds,3 Baths
45.4208777,-75.6901106,"506 CHEROKEE WAY, Ottawa, Ontario, K2S 0H5",Semi-Detached,House,Central air conditioning,Forced air,1,"$699,900",3 Beds,3 Baths
42.246782,-82.992243,"890 DUCHARME, Windsor, Ontario, N9G 1K7",Detached,House,Central air conditioning,Forced air,0,"$699,900",4+1 Beds,3 Baths
43.447436,-79.666672,"#19 -35 HAYS BLVD, Oakville, Ontario, L6H 0J1",Townhouse,Row / Townhouse,Central air conditioning,Forced air,0,"$699,900",2 Beds,2 Baths
45.2584251,-75.9206131,"1785 MAPLE GROVE ROAD, Stittsville, Ontario, K2S 0M4",Detached,House,Central air conditioning,Forced air,1,"$699,888",3 Beds,4 Baths
43.87982,-78.9421751,"#192 -10 BASSETT BLVD, Whitby, Ontario, L1N 9C3",Townhouse,Row / Townhouse,Central air conditioning,Forced air,0,"$699,000",3 Beds,2 Baths
44.056258,-79.461708,"195 PENN AVE, Newmarket, Ontario, L3Y 2S4",Semi-Detached,House,Central air conditioning,Forced air,0,"$698,800",3+1 Beds,2 Baths
44.2344356,-79.8063686586334,"108 QUIGLEY ST, Essa, Ontario, L0M 1B6",Semi-Detached,House,Central air conditioning,Forced air,0,"$679,900",3 Beds,4 Baths
42.246782,-82.992243,"865 DUCHARME STREET, Windsor, Ontario, N9G 1K8",Detached,House,Central air conditioning,Forced air,1,"$679,900",3 Beds,2 Baths
45.4208777,-75.6901106,"290 WAYMARK CRESCENT, Ottawa, Ontario, K2M 0A5",Townhouse,Row / Townhouse,Central air conditioning,Forced air,1,"$679,000",3 Beds,3 Baths
45.4208777,-75.6901106,"691 WHITE ALDER AVENUE, Ottawa, Ontario, K1T 0E8",Townhouse,Row / Townhouse,Central air conditioning,Forced air,1,"$669,900",3 Beds,3 Baths
45.4208777,-75.6901106,"282 MURRAY STREET, Ottawa, Ontario, K1N 5N2",Semi-Detached,House,Central air conditioning,Forced air,0,"$659,900",3 Beds,3 Baths
43.3600536,-80.3123023,"52 Grant Street, Cambridge, Ontario, N1S 1C1",Detached,House,Central air conditioning,Forced air,0,"$649,900",3 Beds,2 Baths
43.2560802,-79.8728583,"1121 QUEENSDALE Avenue E, Hamilton, Ontario, L8T 1J6",Detached,House,Central air conditioning,Forced air,0,"$649,000",2+1 Beds,2 Baths
43.451291,-80.4927815,"19 BANK SWALLOW Crescent, Kitchener, Ontario, N2P 0J7",Townhouse,Row / Townhouse,Central air conditioning,Forced air,0,"$645,000",2 Beds,3 Baths
45.4208777,-75.6901106,"82 BOULDER WAY, Ottawa, Ontario, K2J 4R5",Semi-Detached,House,Central air conditioning,Forced air,1,"$639,000",2+2 Beds,2 Baths
45.4208777,-75.6901106,"14 MACLEAN STREET, Ottawa, Ontario, K1S 3E9",Townhouse,Row / Townhouse,Central air conditioning,Forced air,0,"$625,000",1+1 Beds,2 Baths
43.3600536,-80.3123023,"535 WATERLOO Street S, Cambridge, Ontario, N3H 1P3",Detached,House,Central air conditioning,Forced air,0,"$621,000",3 Beds,1 Bath
43.8975558,-78.8635324,"390 JARVIS ST, Oshawa, Ontario, L1G 5L2",Detached,House,Window air conditioner,Forced air,0,"$600,000",2 Beds,2 Baths
46.49272,-80.991211,"73 Roxborough Drive, Greater Sudbury, Ontario, P3E 1J8",Detached,House,"Air exchanger, Central air conditioning",Forced air,0,"$599,900",3 Beds,3 Baths
42.2450635,-83.0606534,"4196 HURON CHURCH LINE, LaSalle, Ontario, N9H 1H2",Detached,House,Central air conditioning,Forced air,1,"$599,900",3 Beds,4 Baths
43.96868585,-78.65135738273909,"109 GALBRAITH CRT, Clarington, Ontario, L1C 4P7",Townhouse,Row / Townhouse,Central air conditioning,Forced air,0,"$599,900",2 Beds,2 Baths
43.1065603,-79.0639039,"5029 FIFTH AVE, Niagara Falls, Ontario, L2E 4S6",Detached,House,Central air conditioning,Forced air,0,"$589,500",4 Beds,1 Bath
45.2573172,-75.3583264,"36 SECOND Avenue, Russell, ON, K4R 1E2",Detached,,,,0,"$574,900",3 Beds,3 Baths
43.5460516,-80.2493276,"#29 -41 RHONDA RD, Guelph, Ontario, N1H 6H1",Townhouse,Row / Townhouse,,,1,"$549,900",3 Beds,2 Baths
42.0378963,-82.7396606,"942 ERIE AVENUE, Kingsville, Ontario, N9Y 3E2",Detached,House,Central air conditioning,Forced air,0,"$549,000",3 Beds,2 Baths
45.433515,-76.3543692,"189 FOURTH AVENUE, Arnprior, Ontario, K7S 1Z5",Detached,House,Central air conditioning,Forced air,0,"$525,000",3 Beds,2 Baths
45.8984286,-77.2826645,"527 TURNING STONE CRESCENT, Petawawa, Ontario, K8H 0B3",Detached,House,Central air conditioning,Forced air,0,"$525,000",3+1 Beds,2 Baths
45.1403366,-76.1465672,"55 BARKER STREET, Carleton Place, Ontario, K7C 4K4",Detached,House,Central air conditioning,Forced air,0,"$514,900",3 Beds,2 Baths
45.4208777,-75.6901106,"220 OLD COLONY Road, Ottawa, ON, K2L 1M7",Detached,,,,0,"$510,000",3 Beds,2 Baths
45.4208777,-75.6901106,"149 CORINTH Private, Ottawa, ON, K2E 0A8",Detached,,,,0,"$509,900",2 Beds,2 Baths
46.48338,-80.84973,"153 Caruso Street, Coniston, Ontario, P0M 1M0",Detached,House,Central air conditioning,Forced air,0,"$499,900",3 Beds,2 Baths
42.2595288,-83.0353823,"3105 CALIFORNIA, Windsor, ON, N9E 3K5",Detached,,,,0,"$499,900",4 Beds,2 Baths
42.331405,-82.942044,"1262 Edward AVENUE, Windsor, Ontario, N8S 3A1",Detached,House,Central air conditioning,Forced air,0,"$499,900",3+1 Beds,2 Baths
43.727832,-79.344634,"#104 -35 SUNNY GLEN WAY, Toronto, Ontario, M3C 2Z5",Townhouse,Row / Townhouse,Central air conditioning,Forced air,0,"$499,900",3 Beds,2 Baths
45.4208777,-75.6901106,"6048 PINEGLADE CRESCENT, Ottawa, Ontario, K1W 1G8",Townhouse,Row / Townhouse,Central air conditioning,Forced air,0,"$499,000",3 Beds,3 Baths
45.1332585,-75.7165345,"7057 FOURTH LINE ROAD, North Gower, Ontario, K0A 2T0",Detached,House,Wall unit,"Hot water radiator heat, Radiant heat",0,"$499,000",2 Beds,2 Baths
45.4208777,-75.6901106,"1241 EMPEROR AVENUE, Ottawa, Ontario, K1Z 8C4",Detached,House,Window air conditioner,Forced air,0,"$499,000",2 Beds,1 Bath
42.295477,-83.053394,"1721 SOUTH CAMERON, Windsor, Ontario, N9B 3C9",Detached,House,Central air conditioning,Forced air,0,"$489,900",3 Beds,1 Bath
46.10347,-80.550384,"10 William, Alban, Ontario, P0M 1A0",Detached,House,Central air conditioning,"Forced air, Wood Stove",0,"$460,000",5 Beds,2 Baths
43.8975558,-78.8635324,"296 OLIVE AVE, Oshawa, Ontario, L1H 2P6",Detached,House,Central air conditioning,Forced air,0,"$449,900",3 Beds,1 Bath
45.4720417,-76.6838617,"176 ELK STREET, Renfrew, Ontario, K7V 0A1",Townhouse,Row / Townhouse,Central air conditioning,Forced air,0,"$445,000",2 Beds,1 Bath
42.418259,-82.202405,"112 Arnold STREET, Chatham, Ontario, N7L 2X8",Detached,House,Central air conditioning,Forced air,0,"$444,900",3+1 Beds,2 Baths
42.0531166,-82.5996998,"345 ROBSON ROAD Unit# 9, Leamington, Ontario, N8H 5G6",Townhouse,Row / Townhouse,Heat Pump,"Baseboard heaters, Heat Pump",0,"$439,900",2 Beds,2 Baths
45.274101,-75.27935,"107 ST-MORITZ TRAIL UNIT#502, Embrun, Ontario, K0A 1W0",Detached,House,Wall unit,Radiant heat,0,"$439,900",2 Beds,1 Bath
45.274101,-75.27935,"107 ST-MORITZ TRAIL UNIT#501, Embrun, Ontario, K0A 1W0",Detached,House,Wall unit,Radiant heat,0,"$439,900",2 Beds,1 Bath
45.274101,-75.27935,"107 ST-MORITZ TRAIL UNIT#503, Embrun, Ontario, K0A 1W0",Detached,House,Wall unit,Radiant heat,0,"$429,900",2 Beds,1 Bath
45.274101,-75.27935,"107 ST-MORITZ TRAIL UNIT#504, Embrun, Ontario, K0A 1W0",Detached,House,Wall unit,Radiant heat,0,"$429,900",2 Beds,1 Bath
42.1744783,-82.8215468,"102 Centre STREET, Essex, Ontario, N8M 1P5",Detached,House,Central air conditioning,Forced air,0,"$424,900",3 Beds,2 Baths
46.5521017,-81.1148103,"83 St Jean, Azilda, Ontario, P0M 1B0",Detached,House,Central air conditioning,Boiler,0,"$399,900",5 Beds,2 Baths
45.3112037,-74.6367573,"18 JACQUES STREET, Alexandria, Ontario, K0C 1A0",Semi-Detached,House,Central air conditioning,Forced air,1,"$394,900",2 Beds,2 Baths
46.52391,-84.320068,"27 Sisson ST, Sault Ste. Marie, Ontario, P6B 3K3",Detached,,,,0,"$379,900",3+1 Beds,2 Baths
42.0531166,-82.5996998,"53 ROBINSON STREET, Leamington, Ontario, N8H 1Y9",Detached,House,,Boiler,0,"$359,900",2 Beds,1 Bath
42.265799,-83.024291,"3201 DANDURAND, Windsor, Ontario, N9E 2E9",Detached,House,Central air conditioning,Forced air,0,"$349,900",3 Beds,1 Bath
42.295477,-83.053394,"923 JOSEPHINE, Windsor, Ontario, N9B 2L4",Detached,House,Central air conditioning,Forced air,0,"$299,900",4 Beds,2 Baths
42.29533,-83.024461,"1356 LANGLOIS, Windsor, Ontario, N8X 4L7",Detached,House,Central air conditioning,Forced air,0,"$299,000",2 Beds,1 Bath
42.1013315,-83.1086458,"34 BINGHAM ROAD, Amherstburg, Ontario, N9V 1S6",Detached,House,Central air conditioning,Forced air,0,"$259,900",2 Beds,1 Bath
43.8563707,-79.3376825,"39 ADDINGTON SQ, Markham, Ontario, L3R 7N4",Detached,House,Central air conditioning,Forced air,1,"$2,980,000",4+1 Beds,5 Baths
43.5896231,-79.6443879,"231 TROY ST, Mississauga, Ontario, L5G 1S9",Detached,House,Central air conditioning,Forced air,1,"$2,850,000",4+1 Beds,5 Baths
43.710815,-79.418648,"401 CORTLEIGH BLVD, Toronto, Ontario, M5N 1R4",Semi-Detached,House,Central air conditioning,Forced air,1,"$2,679,000",3+1 Beds,4 Baths
43.447436,-79.666672,"1080 DENFIELD TERR, Oakville, Ontario, L6M 1Z8",Detached,House,Central air conditioning,Forced air,1,"$2,199,000",4 Beds,4 Baths
43.5896231,-79.6443879,"3657 STRATTON WOODS CRT, Mississauga, Ontario, L5L 4V3",Detached,House,Central air conditioning,Forced air,1,"$2,199,000",4+1 Beds,4 Baths
43.8801166,-79.4392925,"35 ELLSWORTH AVE, Richmond Hill, Ontario, L4C 9N8",Detached,House,Central air conditioning,Forced air,1,"$2,188,000",4+1 Beds,4 Baths
43.7941544,-79.5268023,"71 GRENADIER CRES, Vaughan, Ontario, L4J 7V8",Detached,House,Central air conditioning,Forced air,1,"$2,048,000",5+1 Beds,5 Baths
43.6858146,-79.7599337,"23 BROOKBANK CRT, Brampton, Ontario, L6Z 3G4",Detached,House,Central air conditioning,Forced air,1,"$1,999,000",4+3 Beds,4 Baths
43.71275,-79.406626,"112 ROSELAWN AVE, Toronto, Ontario, M4R 1E6",Detached,House,Central air conditioning,Forced air,1,"$1,995,000",3+2 Beds,3 Baths
43.646081,-79.576748,"65 THICKET RD, Toronto, Ontario, M9C 2T4",Detached,House,Central air conditioning,Forced air,1,"$1,950,000",5+1 Beds,4 Baths
43.3248924,-79.7966835,"4638 ERWIN RD, Burlington, Ontario, L7M 0L8",Detached,House,Central air conditioning,Forced air,1,"$1,899,999",4+1 Beds,4 Baths
43.671561,-79.403274,"318 ALBANY AVE, Toronto, Ontario, M5R 3C9",Detached,House,Central air conditioning,Forced air,1,"$1,799,000",3+1 Beds,4 Baths
43.5460516,-80.2493276,"56 INGRAM DR, Guelph, Ontario, N1E 0G4",Detached,House,Central air conditioning,Forced air,1,"$1,775,000",5 Beds,4 Baths
43.5896231,-79.6443879,"4609 PHOENIX PARK CRES, Mississauga, Ontario, L5M 3E9",Detached,House,Central air conditioning,Forced air,1,"$1,749,900",4+1 Beds,4 Baths
43.99973,-79.467545,"236 HOLLADAY DR, Aurora, Ontario, L4G 7B7",Detached,House,Central air conditioning,Forced air,1,"$1,699,000",4 Beds,4 Baths
43.5896231,-79.6443879,"1441 CLARKSON RD N, Mississauga, Ontario, L5J 2W7",Detached,House,Central air conditioning,Forced air,1,"$1,699,000",4 Beds,3 Baths
43.5896231,-79.6443879,"15A TECUMSETH AVE, Mississauga, Ontario, L5G 1K5",Semi-Detached,House,Central air conditioning,Forced air,1,"$1,688,888",3 Beds,4 Baths
43.5904294,-79.5433932,"75 FORTY FIRST ST, Toronto, Ontario, M8W 3P1",Detached,House,Central air conditioning,Forced air,1,"$1,649,900",4 Beds,4 Baths
43.665276,-79.438009,"61 SALEM AVE, Toronto, Ontario, M6H 3C2",Semi-Detached,House,Central air conditioning,Forced air,1,"$1,639,000",3+1 Beds,4 Baths
45.4208777,-75.6901106,"288 LANARK AVENUE, Ottawa, Ontario, K1Z 6R5",Detached,House,Central air conditioning,Forced air,1,"$1,599,000",3 Beds,3 Baths
43.3248924,-79.7966835,"4242 Dunvegan Road, Burlington, Ontario, L7L 1P8",Detached,House,Central air conditioning,Forced air,0,"$1,595,000",2 Beds,2 Baths
43.99973,-79.467545,"50 RUSSELL PARKER CRES, Aurora, Ontario, L4G 0V5",Detached,House,Central air conditioning,Forced air,1,"$1,549,000",4+1 Beds,5 Baths
43.447436,-79.666672,"1554 SANDPIPER RD, Oakville, Ontario, L6M 3R7",Detached,House,Central air conditioning,Forced air,1,"$1,536,000",2+3 Beds,4 Baths
45.4208777,-75.6901106,"304 IONA STREET UNIT#A, Ottawa, Ontario, K1Z 7B9",Semi-Detached,House,Central air conditioning,Forced air,0,"$1,535,000",3+1 Beds,4 Baths
43.3248924,-79.7966835,"308 OAKWOOD CRT, Burlington, Ontario, L7N 1W9",Detached,House,Central air conditioning,Forced air,1,"$1,499,000",3+1 Beds,2 Baths
43.713691,-79.389435,"264 REDPATH AVE, Toronto, Ontario, M4P 3H6",Townhouse,Row / Townhouse,Central air conditioning,Forced air,0,"$1,499,000",3+1 Beds,3 Baths
43.67089,-79.316931,"40 FAIRMOUNT CRES, Toronto, Ontario, M4L 2H4",Semi-Detached,House,Central air conditioning,Forced air,1,"$1,499,000",4 Beds,2 Baths
44.14125,-79.395028,"3 CRANLEY RD, East Gwillimbury, Ontario, L9N 0T7",Detached,House,Central air conditioning,Forced air,1,"$1,468,000",5+1 Beds,4 Baths
43.3248924,-79.7966835,"1029 SHEPHERDS DR, Burlington, Ontario, L7T 3R4",Detached,House,Central air conditioning,Forced air,0,"$1,399,900",3+2 Beds,2 Baths
43.717472099999995,-80.68926371473657,"50 CARRIAGE CROSSING, Mapleton, Ontario, N0G 1P0",Detached,House,Central air conditioning,Forced air,1,"$1,399,000",3 Beds,2 Baths
43.5896231,-79.6443879,"2108 HARTINGTON CRT, Mississauga, Ontario, L5J 2G9",Detached,House,Central air conditioning,Forced air,1,"$1,399,000",3+1 Beds,2 Baths
43.5896231,-79.6443879,"5243 RUPERT'S GATE DR, Mississauga, Ontario, L5M 5W3",Detached,House,Central air conditioning,Forced air,1,"$1,388,000",4+1 Beds,4 Baths
44.3893113,-79.6901736,"27 BRUNTON CRES, Barrie, Ontario, L4N 7H4",Detached,House,Central air conditioning,Forced air,1,"$1,386,000",5+1 Beds,5 Baths
43.7941544,-79.5268023,"33 ABERFOYLE ST, Vaughan, Ontario, L6A 5C4",Townhouse,Row / Townhouse,Central air conditioning,Forced air,0,"$1,386,000",4 Beds,4 Baths
43.8975558,-78.8635324,"93 RAGLAN RD W, Oshawa, Ontario, L1H 0N5",Detached,House,Central air conditioning,Forced air,0,"$1,374,900",3+1 Beds,3 Baths
45.4208777,-75.6901106,"98 STRATHCONA Avenue, Ottawa, ON, K1S 1X6",Detached,,,,0,"$1,350,000",4 Beds,4 Baths
43.713691,-79.389435,"498B EGLINTON AVE E, Toronto, Ontario, M4P 1N3",Townhouse,Row / Townhouse,Central air conditioning,Forced air,0,"$1,349,000",3+1 Beds,3 Baths
43.801685,-79.32186,"47 HUNTSMILL BLVD, Toronto, Ontario, M1W 2Z8",Detached,House,Central air conditioning,Forced air,1,"$1,299,900",3+1 Beds,4 Baths
43.8801166,-79.4392925,"63 SUNRIDGE ST, Richmond Hill, Ontario, L4E 3T7",Detached,House,Central air conditioning,Forced air,1,"$1,299,000",4 Beds,3 Baths
43.447436,-79.666672,"2032 MERCHANTS GATE, Oakville, Ontario, L6M 2Z8",Detached,House,Central air conditioning,Forced air,1,"$1,299,000",3 Beds,3 Baths
43.6858146,-79.7599337,"156 DAVENFIELD CIRC, Brampton, Ontario, L6P 4M1",Townhouse,Row / Townhouse,Central air conditioning,Forced air,0,"$1,299,000",4 Beds,4 Baths
43.751661,-79.447657,"79 CHARLESWOOD DR, Toronto, Ontario, M3H 1X5",Detached,House,Central air conditioning,Forced air,0,"$1,299,000",3+1 Beds,2 Baths
43.650005,-79.482809,"638 WILLARD AVE, Toronto, Ontario, M6S 3S4",Semi-Detached,House,Central air conditioning,Forced air,0,"$1,298,000",3 Beds,2 Baths
43.7941544,-79.5268023,"163 LAMAR ST, Vaughan, Ontario, L6A 1A6",Detached,House,Central air conditioning,Forced air,1,"$1,298,000",4 Beds,3 Baths
43.7941544,-79.5268023,"128 MONTE CARLO DR, Vaughan, Ontario, L4H 1R6",Detached,House,Central air conditioning,Forced air,1,"$1,298,000",3 Beds,3 Baths
44.097441700000005,-78.04760303007441,"10963 COUNTY 2 RD, Alnwick/Haldimand, Ontario, K0K 2G0",Detached,House,Central air conditioning,Forced air,1,"$1,295,000",3+2 Beds,3 Baths
43.7941544,-79.5268023,"29 RED TREE DR, Vaughan, Ontario, L4H 4H8",Detached,House,Central air conditioning,Forced air,0,"$1,290,000",4 Beds,3 Baths
43.648806,-79.413855,"78 MASSEY ST, Toronto, Ontario, M6J 2T4",Townhouse,Row / Townhouse,Central air conditioning,Forced air,0,"$1,279,000",2+1 Beds,2 Baths
43.687783,-79.450978,"39 KEITH AVE, Toronto, Ontario, M6E 2C7",Detached,House,Central air conditioning,Forced air,1,"$1,275,000",3+1 Beds,2 Baths
43.2560802,-79.8728583,"206 SEMINOLE Road, Hamilton, Ontario, L9G 1Y9",Detached,House,Central air conditioning,Forced air,0,"$1,249,999",3+1 Beds,2 Baths
43.621861,-79.943877,"41 MARKET ST, Halton Hills, Ontario, L7G 3C2",Detached,House,Wall unit,Forced air,1,"$1,249,000",3 Beds,2 Baths
43.447436,-79.666672,"#22 -3002 PRESERVE DR, Oakville, Ontario, L6M 0V5",Townhouse,Row / Townhouse,Central air conditioning,Forced air,0,"$1,225,000",4 Beds,4 Baths
43.5896231,-79.6443879,"3093 OLYMPUS MEWS, Mississauga, Ontario, L5N 4V8",Detached,House,Central air conditioning,Forced air,0,"$1,200,000",4 Beds,4 Baths
43.87982,-78.9421751,"54 DARREN AVE, Whitby, Ontario, L1R 3B8",Detached,House,Central air conditioning,Forced air,1,"$1,200,000",4 Beds,3 Baths
42.28382,-82.997089,"2484 ROXBOROUGH BOULEVARD, Windsor, Ontario, N9E 0A9",Detached,House,Central air conditioning,Forced air,0,"$1,199,900",4 Beds,4 Baths
43.6858146,-79.7599337,"27 MELVILLE CRES, Brampton, Ontario, L6W 2S3",Detached,House,Central air conditioning,Forced air,0,"$1,199,900",3+1 Beds,2 Baths
45.4208777,-75.6901106,"446 LANDSWOOD Way, Ottawa, ON, K2S 0A4",Detached,,,,0,"$1,185,000",4+1 Beds,4 Baths
43.686567,-79.337066,"127 LINSMORE CRES, Toronto, Ontario, M4J 4K7",Semi-Detached,House,Central air conditioning,Forced air,1,"$1,150,000",3+1 Beds,2 Baths
43.1931661,-79.560677,"33 CHESTNUT Drive, Grimsby, Ontario, L3M 0B9",Detached,House,Central air conditioning,Forced air,0,"$1,149,900",4 Beds,3 Baths
43.6858146,-79.7599337,"2 CARANCI CRES, Brampton, Ontario, L6P 1H3",Detached,House,Central air conditioning,Forced air,0,"$1,099,999",4 Beds,4 Baths
43.99973,-79.467545,"67 MUGFORD RD, Aurora, Ontario, L4G 7H5",Semi-Detached,House,Central air conditioning,Forced air,0,"$1,098,000",3 Beds,4 Baths
44.014469,-79.323704,"44 HAROLDCREST LANE, Whitchurch-Stouffville, Ontario, L4A 1T5",Townhouse,Row / Townhouse,Central air conditioning,Forced air,0,"$1,087,000",3 Beds,3 Baths
43.2560802,-79.8728583,"58 BERTRAM Drive, Hamilton, Ontario, L9H 4T3",Detached,House,Central air conditioning,Forced air,0,"$1,050,000",3+1 Beds,1 Bath
43.87982,-78.9421751,"10 MCCARTNEY AVE, Whitby, Ontario, L1R 2Y3",Detached,House,Central air conditioning,Forced air,1,"$1,050,000",3 Beds,3 Baths
44.3893113,-79.6901736,"60 BALMORAL PL, Barrie, Ontario, L4N 0Y9",Detached,House,Central air conditioning,Forced air,1,"$1,049,000",4+1 Beds,3 Baths
45.4208777,-75.6901106,"112 SPRINGFIELD ROAD, Ottawa, Ontario, K1M 1C6",Detached,House,Central air conditioning,Forced air,0,"$1,025,000",3 Beds,3 Baths
43.8801166,-79.4392925,"77 SUNSET BEACH RD, Richmond Hill, Ontario, L4E 3G7",Detached,House,Central air conditioning,Forced air,0,"$999,999",3+1 Beds,2 Baths
43.686567,-79.337066,"33 SOMERS AVE, Toronto, Ontario, M4J 1W2",Townhouse,Row / Townhouse,Central air conditioning,Forced air,0,"$999,999",3 Beds,2 Baths
43.632597,-79.494149,"64 HOLBROOKE AVE, Toronto, Ontario, M8Y 3B4",Detached,House,Central air conditioning,Heat Pump,0,"$999,900",3+1 Beds,2 Baths
44.078473,-80.203431,"401 TANSLEY ST, Shelburne, Ontario, L9V 2S6",Detached,House,Central air conditioning,Forced air,1,"$999,900",5 Beds,4 Baths
43.621861,-79.943877,"8 CREDIT ST, Halton Hills, Ontario, L7G 2W2",Detached,House,Central air conditioning,Forced air,0,"$999,000",4 Beds,2 Baths
43.686567,-79.337066,"16 CHATHAM AVE, Toronto, Ontario, M4J 1K6",Detached,House,Central air conditioning,Forced air,0,"$999,000",2+1 Beds,3 Baths
43.2167526,-79.7567616,"115 Bow Valley Drive, Stoney Creek, Ontario, L8E 3T9",Detached,House,Central air conditioning,Forced air,0,"$998,999",3+1 Beds,3 Baths
43.6858146,-79.7599337,"17 LOBELIA ST, Brampton, Ontario, L6R 3Z6",Townhouse,Row / Townhouse,Central air conditioning,Forced air,0,"$995,000",3 Beds,3 Baths
42.2450635,-83.0606534,"210 LAURIER DRIVE, LaSalle, Ontario, N9J 1L6",Detached,House,Central air conditioning,Boiler,0,"$964,000",4+1 Beds,4 Baths
43.6858146,-79.7599337,"44 LADY STEWART BLVD, Brampton, Ontario, L6S 3Y3",Detached,House,Central air conditioning,Forced air,1,"$954,000",3+2 Beds,4 Baths
43.99973,-79.467545,"59 MINLOW WAY, Aurora, Ontario, L4Y 2Y0",Townhouse,Row / Townhouse,Central air conditioning,Forced air,0,"$949,000",3 Beds,3 Baths
45.4208777,-75.6901106,"859 ATRIUM Ridge, Ottawa, ON, K4M 0K1",Townhouse,,,,0,"$948,800",4 Beds,3 Baths
43.5460516,-80.2493276,"31 GOSLING GDNS, Guelph, Ontario, N1G 5J8",Detached,House,Central air conditioning,Forced air,1,"$945,000",4 Beds,4 Baths
43.2556116,-79.0723264,"15 Shakespeare Avenue, Niagara-on-the-Lake, Ontario, L0S 1J0",Detached,House,Central air conditioning,Forced air,0,"$919,000",3 Beds,1 Bath
43.8505287,-79.0208814,"4 POWLESLAND ST, Ajax, Ontario, L1T 0L8",Semi-Detached,House,Central air conditioning,Forced air,0,"$899,999",3 Beds,3 Baths
46.5691573,-81.1978944,"1220 Perreault Drive, Chelmsford, Ontario, P0M 1L0",Detached,House,Central air conditioning,Forced air,0,"$899,900",4 Beds,2 Baths
44.078473,-80.203431,"120 SILK DR, Shelburne, Ontario, L9V 3E2",Detached,House,Central air conditioning,Forced air,1,"$899,900",3+1 Beds,4 Baths
43.96868585,-78.65135738273909,"54 MARCHWOOD CRES, Clarington, Ontario, L1C 5K5",Detached,House,Central air conditioning,Forced air,1,"$899,900",4 Beds,4 Baths
42.7415823,-81.33191889735019,"83 ROYAL CRES, Southwold, Ontario, N5P 0G2",Detached,House,Central air conditioning,Forced air,0,"$899,700",4 Beds,3 Baths
44.241045,-77.358813,"522 SCUTTLEHOLE RD, Belleville, Ontario, K0K 2V0",Detached,House,Central air conditioning,Forced air,1,"$899,000",4 Beds,3 Baths
43.073558,-79.950127,"30 SUNDIN Drive, Caledonia, Ontario, N3W 0H3",Detached,House,Central air conditioning,Forced air,0,"$899,000",4 Beds,3 Baths
42.783344,-79.789826,"30 SUNDIN DR, Haldimand, Ontario, N3W 0H3",Detached,House,Central air conditioning,Forced air,0,"$899,000",4 Beds,3 Baths
43.1931661,-79.560677,"113 LAKESIDE DR, Grimsby, Ontario, L3M 2L7",Detached,House,Central air conditioning,Forced air,1,"$899,000",4 Beds,2 Baths
43.5896231,-79.6443879,"#105 -1755 RATHBURN RD E, Mississauga, Ontario, L4W 2M8",Townhouse,Row / Townhouse,Central air conditioning,Forced air,1,"$899,000",3+1 Beds,3 Baths
45.4208777,-75.6901106,"157 PALOMINO DRIVE, Ottawa, Ontario, K2M 1P2",Detached,House,Central air conditioning,Forced air,1,"$865,000",4 Beds,3 Baths
45.5501,-75.29101,"231 TURQUOISE STREET, Rockland, Ontario, K4K 0L5",Detached,House,Central air conditioning,Forced air,1,"$849,900",4 Beds,4 Baths
44.5224813,-80.0203156,"149 SILVER BIRCH AVE, Wasaga Beach, Ontario, L9Z 1P7",Detached,House,Central air conditioning,Forced air,0,"$849,900",3+2 Beds,3 Baths
43.87982,-78.9421751,"21 LAZIO ST, Whitby, Ontario, L1R 3A3",Detached,House,Central air conditioning,Forced air,1,"$849,900",3 Beds,3 Baths
45.4208777,-75.6901106,"19 MATTAWA CRESCENT, Ottawa, Ontario, K2M 2J4",Detached,House,Central air conditioning,Forced air,1,"$834,900",4+1 Beds,3 Baths
43.4652699,-80.5222961,"172 CAVELLETTI CRT, Waterloo, Ontario, N2K 3X3",Detached,House,Central air conditioning,Forced air,0,"$800,000",3 Beds,3 Baths
43.8505287,-79.0208814,"5 GEORGE ST N, Ajax, Ontario, L1S 1S6",Detached,House,Central air conditioning,Forced air,0,"$799,999",3 Beds,2 Baths
43.2167526,-79.7567616,"89 FRANCES Avenue, Stoney Creek, Ontario, L8E 6A3",Townhouse,Row / Townhouse,Central air conditioning,Forced air,0,"$799,900",3 Beds,4 Baths
43.6858146,-79.7599337,"69 BANNISTER CRES, Brampton, Ontario, L7A 4H2",Townhouse,Row / Townhouse,Central air conditioning,Forced air,0,"$799,900",3 Beds,3 Baths
45.3446891,-75.7639408,"27 CONOVER Street, Nepean, ON, K2G 4C3",Townhouse,,,,0,"$799,900",4 Beds,4 Baths
43.2560802,-79.8728583,"89 FRANCES AVE, Hamilton, Ontario, L8E 6A3",Townhouse,Row / Townhouse,Central air conditioning,Forced air,1,"$799,900",3 Beds,4 Baths
42.1013315,-83.1086458,"134 RIVERFRONT PARK CRESCENT, Amherstburg, Ontario, N9V 0B8",Detached,House,Central air conditioning,Forced air,0,"$799,900",2+1 Beds,3 Baths
43.8505287,-79.0208814,"14 PENDRILL WAY, Ajax, Ontario, L1Z 0K9",Townhouse,Row / Townhouse,Central air conditioning,Forced air,0,"$799,000",4 Beds,3 Baths
43.073558,-79.950127,"10 GLENGARY Crescent, Caledonia, Ontario, N3W 2K9",Detached,House,Central air conditioning,Forced air,0,"$799,000",3+1 Beds,2 Baths
43.704081,-79.255219,"17 SHARPE ST, Toronto, Ontario, M1N 3T7",Detached,House,Central air conditioning,Forced air,0,"$799,000",2 Beds,2 Baths
43.4652699,-80.5222961,"#14 -461 COLUMBIA ST W, Waterloo, Ontario, N2T 2J4",Detached,House,Central air conditioning,Forced air,1,"$799,000",2+2 Beds,3 Baths
43.5896231,-79.6443879,"#509 -657 CRICKLEWOOD DR, Mississauga, Ontario, L5B 0G8",Townhouse,Row / Townhouse,Central air conditioning,Forced air,0,"$799,000",2+1 Beds,2 Baths
43.709229,-79.513598,"2227 WESTON RD, Toronto, Ontario, M9N 4A1",Townhouse,Row / Townhouse,Central air conditioning,Forced air,0,"$799,000",3+1 Beds,2 Baths
45.4208777,-75.6901106,"83 ONTARIO STREET, Ottawa, Ontario, K1K 1K8",Detached,House,Window air conditioner,Hot water radiator heat,0,"$794,900",2 Beds,2 Baths
43.835765,-79.090576,"#36 -1965 ALTONA RD, Pickering, Ontario, L1V 1M8",Townhouse,Row / Townhouse,Central air conditioning,Forced air,1,"$789,900",3 Beds,3 Baths
43.758752,-79.519698,"#16 -39 JOHN CABOT WAY, Toronto, Ontario, M3N 2T5",Townhouse,Row / Townhouse,Window air conditioner,Baseboard heaters,0,"$780,000",4+1 Beds,3 Baths
42.9345071,-80.290768,"18 Gibbons Street, Waterford, Ontario, N0E 1Y0",Detached,House,"Air exchanger, Central air conditioning",Forced air,0,"$779,000",2 Beds,2 Baths
43.835765,-79.090576,"1610 AUTUMN CRES, Pickering, Ontario, L1V 6X7",Semi-Detached,House,Central air conditioning,Forced air,0,"$769,998",3+1 Beds,2 Baths
43.2560802,-79.8728583,"13 PETUNIA PL, Hamilton, Ontario, L0R 1P0",Townhouse,Row / Townhouse,Central air conditioning,Forced air,0,"$764,990",3 Beds,3 Baths
44.3048009,-78.3199496,"219 LORNE Court, Peterborough, Ontario, K9L 1L1",Detached,House,Central air conditioning,Forced air,0,"$759,900",3 Beds,3 Baths
43.728584,-79.490851,"#2116 -55 GEORGE APPLETON WAY, Toronto, Ontario, M3M 0A2",Townhouse,Row / Townhouse,Central air conditioning,Forced air,0,"$749,000",3+1 Beds,2 Baths
44.1150554,-78.90598875892695,"116 CEDAR GROVE DR, Scugog, Ontario, L0B 1E0",Detached,House,Central air conditioning,Forced air,1,"$745,000",3 Beds,3 Baths
44.4952483,-81.3713261,"23 FAIRWAY Lane, Saugeen Shores, Ontario, N0H 2C3",Townhouse,Row / Townhouse,Central air conditioning,Forced air,0,"$744,000",2+1 Beds,3 Baths
42.3038299,-82.8189267,"175 TERRA LOU DRIVE, Lakeshore, Ontario, N0R 1A0",Detached,House,Central air conditioning,Forced air,0,"$729,000",3 Beds,3 Baths
43.8975558,-78.8635324,"87 GLOVERS RD, Oshawa, Ontario, L1G 3Y1",Detached,House,Central air conditioning,Forced air,0,"$725,000",3 Beds,2 Baths
43.8975558,-78.8635324,"982 BRENDA CRT, Oshawa, Ontario, L1H 7B6",Detached,House,Central air conditioning,Forced air,0,"$724,900",3+1 Beds,3 Baths
43.4652699,-80.5222961,"206 ERB Street E, Waterloo, Ontario, N2J 1M6",Detached,House,Central air conditioning,Forced air,0,"$699,900",3 Beds,2 Baths
43.96868585,-78.65135738273909,"30 ELEPHANT HILL DR, Clarington, Ontario, L1C 4M5",Detached,House,Central air conditioning,Forced air,1,"$699,900",3 Beds,3 Baths
43.2560802,-79.8728583,"195 Sulmona Drive, Hamilton, Ontario, L8W 3W4",Townhouse,Row / Townhouse,Central air conditioning,Forced air,0,"$699,900",3 Beds,2 Baths
42.3038299,-82.8189267,"1105 MONARCH MEADOWS DRIVE, Lakeshore, Ontario, N0R 1A0",Detached,House,Central air conditioning,Forced air,0,"$699,900",3+1 Beds,3 Baths
42.28382,-82.997089,"1198 PEABODY, Windsor, Ontario, N8P 0C7",Townhouse,Row / Townhouse,Central air conditioning,Forced air,0,"$699,888",2+2 Beds,3 Baths
43.451291,-80.4927815,"11 WAYNE Drive, Kitchener, Ontario, N2A 1M3",Detached,House,Central air conditioning,Forced air,0,"$699,000",3 Beds,2 Baths
